"","BAMLC0A4CBBBEY"
"1",7.26
"2",NA
"3",7.36
"4",7.34
"5",7.37
"6",7.39
"7",7.41
"8",7.35
"9",7.44
"10",7.44
"11",7.35
"12",7.35
"13",7.39
"14",7.38
"15",7.38
"16",7.34
"17",7.37
"18",7.4
"19",7.44
"20",7.48
"21",7.43
"22",7.43
"23",7.4
"24",7.33
"25",7.27
"26",7.25
"27",7.28
"28",7.28
"29",7.23
"30",7.23
"31",7.23
"32",7.24
"33",7.15
"34",7.1
"35",NA
"36",7.11
"37",7.14
"38",7.2
"39",7.19
"40",7.21
"41",7.22
"42",7.37
"43",7.39
"44",7.39
"45",7.4
"46",7.43
"47",7.42
"48",7.45
"49",7.39
"50",7.39
"51",7.4
"52",7.43
"53",7.54
"54",7.52
"55",7.53
"56",7.53
"57",7.55
"58",7.55
"59",7.55
"60",7.53
"61",7.56
"62",7.6
"63",7.7
"64",NA
"65",7.72
"66",7.69
"67",7.69
"68",7.68
"69",7.74
"70",7.69
"71",7.72
"72",7.72
"73",7.72
"74",7.79
"75",7.8
"76",7.7
"77",7.72
"78",7.67
"79",7.65
"80",7.69
"81",7.67
"82",7.72
"83",7.76
"84",7.77
"85",7.75
"86",7.6
"87",7.55
"88",7.52
"89",7.5
"90",7.5
"91",7.5
"92",7.57
"93",7.54
"94",7.48
"95",7.46
"96",7.52
"97",7.48
"98",7.47
"99",7.5
"100",7.51
"101",7.49
"102",7.53
"103",7.55
"104",7.54
"105",NA
"106",7.58
"107",7.58
"108",7.54
"109",7.48
"110",7.49
"111",7.46
"112",7.43
"113",7.43
"114",7.43
"115",7.33
"116",7.37
"117",7.39
"118",7.38
"119",7.3
"120",7.26
"121",7.23
"122",7.25
"123",7.23
"124",7.23
"125",7.2
"126",7.23
"127",7.23
"128",7.27
"129",7.31
"130",7.28
"131",7.33
"132",7.27
"133",7.25
"134",7.15
"135",NA
"136",7.11
"137",7.11
"138",7.08
"139",7.09
"140",7.07
"141",7.09
"142",7.08
"143",7.03
"144",7.03
"145",7.06
"146",7.08
"147",6.97
"148",6.96
"149",6.97
"150",6.99
"151",6.95
"152",6.91
"153",6.87
"154",6.84
"155",7.01
"156",7.03
"157",7.04
"158",7.04
"159",7.05
"160",7.17
"161",7.17
"162",7.2
"163",7.17
"164",7.1
"165",7.09
"166",7.04
"167",7.04
"168",7.07
"169",7.12
"170",7.19
"171",7.2
"172",7.19
"173",7.2
"174",7.12
"175",7.16
"176",7.17
"177",NA
"178",7.13
"179",7.16
"180",7.16
"181",7.19
"182",7.17
"183",7.18
"184",7.21
"185",7.23
"186",7.13
"187",7.12
"188",6.96
"189",6.94
"190",6.96
"191",6.94
"192",6.91
"193",6.95
"194",6.9
"195",6.98
"196",6.93
"197",6.94
"198",6.96
"199",6.89
"200",6.87
"201",6.85
"202",6.82
"203",6.79
"204",6.91
"205",6.93
"206",7.01
"207",7
"208",6.92
"209",6.96
"210",6.96
"211",7.03
"212",7.01
"213",7.01
"214",6.99
"215",6.91
"216",6.88
"217",6.76
"218",6.89
"219",6.81
"220",6.76
"221",6.81
"222",6.9
"223",6.93
"224",6.93
"225",6.9
"226",6.9
"227",6.91
"228",6.91
"229",6.89
"230",6.88
"231",6.87
"232",6.86
"233",6.86
"234",6.83
"235",6.86
"236",6.82
"237",6.87
"238",6.86
"239",6.88
"240",6.88
"241",6.89
"242",6.89
"243",6.89
"244",6.88
"245",6.85
"246",6.87
"247",6.94
"248",6.98
"249",6.96
"250",6.92
"251",6.84
"252",6.78
"253",6.81
"254",6.8
"255",6.83
"256",6.79
"257",6.75
"258",6.76
"259",6.77
"260",6.79
"261",NA
"262",6.78
"263",6.8
"264",6.84
"265",6.8
"266",NA
"267",6.73
"268",6.6
"269",6.57
"270",6.62
"271",6.55
"272",6.47
"273",6.47
"274",6.51
"275",6.54
"276",6.55
"277",6.62
"278",6.62
"279",6.65
"280",6.62
"281",6.63
"282",6.75
"283",6.71
"284",6.76
"285",6.78
"286",6.68
"287",6.69
"288",6.67
"289",6.71
"290",6.7
"291",6.7
"292",6.75
"293",6.75
"294",6.78
"295",6.77
"296",6.72
"297",6.71
"298",6.68
"299",6.68
"300",6.64
"301",6.68
"302",6.7
"303",6.71
"304",6.75
"305",6.84
"306",6.81
"307",6.83
"308",6.8
"309",6.79
"310",6.87
"311",6.92
"312",6.91
"313",6.92
"314",6.87
"315",6.82
"316",6.83
"317",6.8
"318",6.74
"319",6.75
"320",6.72
"321",6.74
"322",6.76
"323",6.76
"324",6.75
"325",6.75
"326",6.74
"327",6.81
"328",6.84
"329",6.85
"330",6.87
"331",6.81
"332",6.76
"333",6.72
"334",6.64
"335",6.68
"336",6.69
"337",6.73
"338",6.74
"339",NA
"340",6.81
"341",6.77
"342",6.75
"343",6.73
"344",6.74
"345",6.78
"346",6.82
"347",6.82
"348",6.83
"349",6.81
"350",6.93
"351",6.94
"352",6.94
"353",6.82
"354",6.8
"355",6.81
"356",6.84
"357",6.79
"358",6.81
"359",6.83
"360",6.9
"361",6.83
"362",6.81
"363",6.84
"364",6.83
"365",6.78
"366",6.8
"367",6.76
"368",6.81
"369",6.79
"370",6.79
"371",6.74
"372",6.72
"373",6.73
"374",6.71
"375",6.71
"376",6.68
"377",6.71
"378",6.73
"379",6.75
"380",6.74
"381",6.74
"382",6.74
"383",6.67
"384",6.61
"385",6.6
"386",6.57
"387",6.63
"388",6.71
"389",6.68
"390",6.65
"391",6.64
"392",6.64
"393",6.64
"394",6.64
"395",6.64
"396",6.65
"397",6.67
"398",6.65
"399",6.63
"400",6.63
"401",6.61
"402",6.63
"403",6.65
"404",6.63
"405",6.63
"406",6.68
"407",6.71
"408",6.7
"409",6.72
"410",6.73
"411",6.71
"412",6.67
"413",6.68
"414",6.67
"415",6.68
"416",6.69
"417",6.7
"418",6.75
"419",6.75
"420",6.79
"421",6.74
"422",6.71
"423",6.71
"424",6.73
"425",6.69
"426",6.69
"427",6.66
"428",6.68
"429",6.72
"430",6.68
"431",6.68
"432",6.71
"433",6.71
"434",6.68
"435",6.63
"436",6.64
"437",6.6
"438",6.58
"439",6.53
"440",6.63
"441",6.92
"442",6.93
"443",6.96
"444",6.91
"445",6.9
"446",6.9
"447",6.91
"448",6.81
"449",6.66
"450",6.73
"451",6.75
"452",6.77
"453",6.75
"454",6.7
"455",6.64
"456",6.64
"457",6.68
"458",6.63
"459",6.58
"460",6.56
"461",6.57
"462",6.59
"463",6.5
"464",6.39
"465",6.41
"466",6.3
"467",6.36
"468",6.46
"469",6.62
"470",6.83
"471",6.83
"472",6.8
"473",6.69
"474",6.69
"475",6.57
"476",6.58
"477",6.65
"478",6.68
"479",6.72
"480",6.76
"481",6.76
"482",6.68
"483",6.66
"484",6.65
"485",6.8
"486",6.81
"487",6.93
"488",6.92
"489",7.03
"490",7.01
"491",7.11
"492",7.03
"493",6.99
"494",6.98
"495",6.95
"496",6.98
"497",6.99
"498",7.01
"499",6.97
"500",6.98
"501",6.95
"502",6.97
"503",6.94
"504",6.9
"505",6.9
"506",6.87
"507",6.71
"508",6.65
"509",6.58
"510",6.58
"511",6.64
"512",6.7
"513",6.61
"514",6.59
"515",6.55
"516",6.64
"517",6.64
"518",6.7
"519",6.66
"520",6.65
"521",6.65
"522",6.73
"523",6.79
"524",6.9
"525",6.95
"526",NA
"527",6.89
"528",6.83
"529",6.76
"530",6.7
"531",NA
"532",6.72
"533",6.78
"534",6.75
"535",6.8
"536",6.84
"537",6.87
"538",6.8
"539",6.73
"540",6.63
"541",6.69
"542",6.71
"543",6.71
"544",6.74
"545",6.7
"546",6.64
"547",6.66
"548",6.68
"549",6.66
"550",6.64
"551",6.58
"552",6.58
"553",6.67
"554",6.72
"555",6.76
"556",6.82
"557",6.83
"558",6.82
"559",6.8
"560",6.8
"561",6.81
"562",6.96
"563",6.95
"564",6.9
"565",6.85
"566",6.88
"567",6.91
"568",6.88
"569",6.93
"570",7.01
"571",7.12
"572",7.05
"573",7.08
"574",7.17
"575",7.11
"576",7.15
"577",7.21
"578",7.1
"579",7.08
"580",7
"581",7.01
"582",7.01
"583",6.97
"584",6.94
"585",6.88
"586",6.9
"587",6.88
"588",6.93
"589",6.96
"590",6.94
"591",6.91
"592",6.95
"593",6.95
"594",6.99
"595",6.93
"596",6.97
"597",7
"598",6.92
"599",6.92
"600",6.86
"601",6.86
"602",6.78
"603",6.78
"604",6.79
"605",6.83
"606",6.84
"607",6.86
"608",6.9
"609",6.85
"610",6.83
"611",6.84
"612",6.93
"613",6.91
"614",6.89
"615",6.88
"616",6.92
"617",6.86
"618",7.01
"619",6.98
"620",7.02
"621",7
"622",7.09
"623",7.11
"624",7.08
"625",7.13
"626",7.11
"627",7.02
"628",7.19
"629",7.22
"630",7.22
"631",7.2
"632",7.22
"633",7.17
"634",7.15
"635",7.18
"636",7.23
"637",7.29
"638",7.32
"639",7.33
"640",7.46
"641",7.46
"642",7.45
"643",7.46
"644",7.47
"645",7.48
"646",7.52
"647",7.56
"648",7.64
"649",7.61
"650",7.61
"651",7.57
"652",7.43
"653",7.48
"654",7.53
"655",7.57
"656",7.63
"657",7.67
"658",7.65
"659",7.59
"660",7.56
"661",7.5
"662",7.53
"663",7.51
"664",7.51
"665",7.55
"666",7.58
"667",7.52
"668",7.52
"669",7.42
"670",7.4
"671",7.43
"672",7.41
"673",7.38
"674",7.37
"675",7.35
"676",7.36
"677",7.46
"678",7.51
"679",7.55
"680",7.53
"681",7.53
"682",7.59
"683",7.69
"684",7.7
"685",7.7
"686",7.73
"687",7.72
"688",7.65
"689",7.79
"690",7.91
"691",7.93
"692",7.88
"693",7.9
"694",7.81
"695",7.8
"696",7.73
"697",7.72
"698",7.74
"699",7.72
"700",7.73
"701",7.68
"702",7.6
"703",7.63
"704",7.71
"705",7.8
"706",7.85
"707",7.84
"708",7.88
"709",7.76
"710",7.76
"711",7.83
"712",7.8
"713",7.83
"714",7.77
"715",7.79
"716",7.83
"717",7.8
"718",7.77
"719",7.74
"720",7.77
"721",7.79
"722",7.78
"723",7.71
"724",7.64
"725",7.72
"726",7.77
"727",7.84
"728",7.77
"729",7.85
"730",7.81
"731",7.89
"732",7.9
"733",7.91
"734",7.89
"735",7.89
"736",7.91
"737",7.97
"738",8.01
"739",7.93
"740",7.96
"741",8.01
"742",8.01
"743",8.03
"744",8.03
"745",8.04
"746",8.07
"747",8.02
"748",7.96
"749",7.86
"750",7.86
"751",7.89
"752",7.86
"753",7.84
"754",7.79
"755",7.75
"756",7.77
"757",7.78
"758",7.8
"759",7.8
"760",7.74
"761",7.74
"762",7.76
"763",7.83
"764",7.86
"765",7.85
"766",7.88
"767",7.88
"768",7.88
"769",7.88
"770",7.9
"771",7.95
"772",7.95
"773",7.97
"774",7.99
"775",7.92
"776",7.9
"777",7.85
"778",7.87
"779",7.87
"780",7.81
"781",7.84
"782",7.95
"783",7.97
"784",8.02
"785",8.04
"786",8.08
"787",8.09
"788",8.11
"789",8.12
"790",8.12
"791",8.11
"792",8.11
"793",8.04
"794",8.03
"795",8.1
"796",8.22
"797",8.15
"798",8.24
"799",8.19
"800",8.17
"801",8.19
"802",8.26
"803",8.28
"804",8.22
"805",8.28
"806",8.27
"807",8.31
"808",8.29
"809",8.31
"810",8.31
"811",8.23
"812",8.23
"813",8.22
"814",8.22
"815",8.19
"816",8.24
"817",8.2
"818",8.16
"819",8.05
"820",8.11
"821",8.21
"822",8.16
"823",8.22
"824",8.28
"825",8.24
"826",8.16
"827",8.18
"828",8.19
"829",8.21
"830",8.14
"831",8.14
"832",8.03
"833",8.11
"834",8.04
"835",8.04
"836",8.16
"837",8.22
"838",8.21
"839",8.23
"840",8.2
"841",8.24
"842",8.22
"843",8.22
"844",8.2
"845",8.24
"846",8.24
"847",8.19
"848",8.17
"849",8.14
"850",8.12
"851",8.12
"852",8.1
"853",8.1
"854",8.05
"855",8.16
"856",8.17
"857",8.16
"858",8.15
"859",8.19
"860",8.21
"861",8.18
"862",8.07
"863",8.11
"864",8.13
"865",8.11
"866",8.08
"867",8.21
"868",8.29
"869",8.26
"870",8.25
"871",8.31
"872",8.33
"873",8.28
"874",8.28
"875",NA
"876",8.28
"877",8.41
"878",8.47
"879",8.59
"880",8.66
"881",8.58
"882",8.6
"883",8.64
"884",8.7
"885",8.75
"886",8.8
"887",8.86
"888",8.84
"889",8.82
"890",8.81
"891",8.89
"892",8.84
"893",8.83
"894",8.86
"895",8.93
"896",8.89
"897",8.82
"898",8.84
"899",8.86
"900",8.83
"901",8.79
"902",8.79
"903",8.83
"904",8.79
"905",8.7
"906",8.65
"907",8.58
"908",8.6
"909",8.57
"910",8.56
"911",8.56
"912",8.53
"913",8.53
"914",8.47
"915",8.46
"916",8.39
"917",8.4
"918",8.41
"919",8.48
"920",8.49
"921",8.53
"922",8.47
"923",8.47
"924",8.48
"925",8.4
"926",8.43
"927",8.38
"928",8.38
"929",8.37
"930",8.42
"931",8.38
"932",8.39
"933",8.4
"934",8.42
"935",8.34
"936",8.42
"937",8.46
"938",8.45
"939",8.45
"940",8.31
"941",8.3
"942",8.33
"943",8.32
"944",8.32
"945",8.28
"946",8.3
"947",8.32
"948",8.28
"949",8.26
"950",8.24
"951",8.19
"952",8.23
"953",8.2
"954",8.19
"955",8.16
"956",8.21
"957",8.2
"958",8.22
"959",8.24
"960",8.23
"961",8.2
"962",8.24
"963",8.26
"964",8.22
"965",8.2
"966",8.2
"967",8.25
"968",8.28
"969",8.28
"970",8.16
"971",8.11
"972",8.11
"973",8.11
"974",8.14
"975",8.17
"976",8.14
"977",8.18
"978",8.19
"979",8.15
"980",8.19
"981",8.21
"982",8.23
"983",8.2
"984",8.24
"985",8.22
"986",8.19
"987",8.19
"988",8.16
"989",8.15
"990",8.15
"991",8.13
"992",8.13
"993",8.14
"994",8.19
"995",8.22
"996",8.21
"997",8.19
"998",8.19
"999",8.18
"1000",8.16
"1001",8.15
"1002",8.17
"1003",8.22
"1004",8.17
"1005",8.2
"1006",8.2
"1007",8.21
"1008",8.17
"1009",8.19
"1010",8.23
"1011",8.28
"1012",8.34
"1013",8.39
"1014",8.44
"1015",8.4
"1016",8.39
"1017",8.44
"1018",8.48
"1019",8.48
"1020",8.46
"1021",8.41
"1022",8.41
"1023",8.38
"1024",8.37
"1025",8.34
"1026",8.32
"1027",8.35
"1028",8.34
"1029",8.34
"1030",8.3
"1031",8.3
"1032",8.33
"1033",8.37
"1034",8.34
"1035",8.32
"1036",8.24
"1037",8.29
"1038",8.32
"1039",8.26
"1040",8.17
"1041",8.18
"1042",8.24
"1043",8.25
"1044",8.23
"1045",8.17
"1046",8.09
"1047",8.06
"1048",8.03
"1049",8.06
"1050",7.96
"1051",7.92
"1052",7.91
"1053",NA
"1054",7.93
"1055",8
"1056",8.04
"1057",8.03
"1058",7.97
"1059",NA
"1060",7.8
"1061",7.93
"1062",7.83
"1063",7.72
"1064",7.66
"1065",7.69
"1066",7.76
"1067",7.77
"1068",7.87
"1069",7.86
"1070",7.83
"1071",7.72
"1072",7.62
"1073",7.68
"1074",7.7
"1075",7.7
"1076",7.75
"1077",7.7
"1078",7.68
"1079",7.7
"1080",7.61
"1081",7.52
"1082",7.43
"1083",7.5
"1084",7.5
"1085",7.54
"1086",7.52
"1087",7.54
"1088",7.48
"1089",7.52
"1090",7.55
"1091",7.6
"1092",7.66
"1093",7.58
"1094",7.58
"1095",7.58
"1096",7.6
"1097",7.6
"1098",7.55
"1099",7.51
"1100",7.45
"1101",7.42
"1102",7.37
"1103",7.45
"1104",7.46
"1105",7.46
"1106",7.4
"1107",7.36
"1108",7.4
"1109",7.39
"1110",7.41
"1111",7.32
"1112",7.27
"1113",7.24
"1114",7.29
"1115",7.25
"1116",7.24
"1117",7.2
"1118",7.28
"1119",7.32
"1120",7.44
"1121",7.46
"1122",7.44
"1123",7.39
"1124",7.35
"1125",7.38
"1126",7.41
"1127",7.43
"1128",7.5
"1129",7.33
"1130",7.38
"1131",7.51
"1132",7.54
"1133",7.59
"1134",NA
"1135",7.7
"1136",7.63
"1137",7.55
"1138",7.61
"1139",7.61
"1140",7.54
"1141",7.54
"1142",7.64
"1143",7.58
"1144",7.7
"1145",7.43
"1146",7.37
"1147",7.36
"1148",7.28
"1149",7.25
"1150",7.25
"1151",7.25
"1152",7.21
"1153",7.3
"1154",7.49
"1155",7.43
"1156",7.45
"1157",7.42
"1158",7.4
"1159",7.39
"1160",7.37
"1161",7.36
"1162",7.35
"1163",7.43
"1164",7.42
"1165",7.42
"1166",7.42
"1167",7.41
"1168",7.32
"1169",7.29
"1170",7.26
"1171",7.19
"1172",7.18
"1173",7.21
"1174",7.26
"1175",7.2
"1176",7.16
"1177",7.16
"1178",7.12
"1179",7.12
"1180",7.13
"1181",7.13
"1182",7.13
"1183",7.11
"1184",7.05
"1185",7.07
"1186",7.14
"1187",7.17
"1188",7.26
"1189",7.32
"1190",7.35
"1191",7.28
"1192",7.3
"1193",7.3
"1194",7.37
"1195",7.32
"1196",7.27
"1197",7.22
"1198",7.23
"1199",7.19
"1200",7.2
"1201",7.14
"1202",7.15
"1203",7.05
"1204",7.07
"1205",7.06
"1206",7.04
"1207",7.02
"1208",7.08
"1209",7.06
"1210",7
"1211",6.95
"1212",6.94
"1213",6.95
"1214",7.02
"1215",7.03
"1216",7.02
"1217",7.03
"1218",6.93
"1219",6.95
"1220",6.92
"1221",6.91
"1222",6.92
"1223",6.95
"1224",6.91
"1225",6.83
"1226",6.9
"1227",6.9
"1228",6.92
"1229",6.89
"1230",6.92
"1231",6.93
"1232",6.85
"1233",6.79
"1234",6.77
"1235",6.86
"1236",6.85
"1237",7.01
"1238",6.98
"1239",6.89
"1240",6.84
"1241",6.89
"1242",NA
"1243",NA
"1244",NA
"1245",6.77
"1246",6.83
"1247",6.95
"1248",6.86
"1249",6.93
"1250",6.93
"1251",6.96
"1252",6.94
"1253",6.88
"1254",6.86
"1255",6.85
"1256",6.85
"1257",6.83
"1258",6.79
"1259",6.77
"1260",6.76
"1261",6.75
"1262",6.75
"1263",6.82
"1264",6.82
"1265",6.89
"1266",6.86
"1267",6.8
"1268",6.77
"1269",6.74
"1270",6.73
"1271",6.78
"1272",6.79
"1273",6.81
"1274",6.76
"1275",6.72
"1276",6.72
"1277",6.68
"1278",6.65
"1279",6.63
"1280",6.59
"1281",6.71
"1282",6.66
"1283",6.63
"1284",6.57
"1285",6.64
"1286",6.65
"1287",6.65
"1288",6.69
"1289",6.79
"1290",6.97
"1291",7.08
"1292",6.94
"1293",7.03
"1294",7.09
"1295",7.09
"1296",7.13
"1297",7.13
"1298",7.02
"1299",7.04
"1300",6.86
"1301",6.86
"1302",6.83
"1303",6.79
"1304",7
"1305",7.07
"1306",7.17
"1307",7.15
"1308",7.13
"1309",7.06
"1310",7.16
"1311",7.23
"1312",7.25
"1313",7.17
"1314",7.1
"1315",7.11
"1316",7.12
"1317",7.16
"1318",NA
"1319",7.2
"1320",7.12
"1321",7.14
"1322",6.99
"1323",NA
"1324",7.1
"1325",7.05
"1326",7.03
"1327",6.94
"1328",6.96
"1329",6.95
"1330",6.86
"1331",6.78
"1332",6.78
"1333",6.74
"1334",6.77
"1335",6.86
"1336",6.81
"1337",6.81
"1338",6.83
"1339",6.93
"1340",6.93
"1341",6.95
"1342",6.94
"1343",6.85
"1344",6.92
"1345",6.99
"1346",6.93
"1347",6.91
"1348",7.02
"1349",7.07
"1350",7.1
"1351",7.02
"1352",7.07
"1353",7.12
"1354",7.14
"1355",7.08
"1356",7.03
"1357",7.02
"1358",7.07
"1359",7.09
"1360",7.08
"1361",7.05
"1362",7.04
"1363",7.08
"1364",6.99
"1365",7.05
"1366",7.12
"1367",7.14
"1368",7.14
"1369",7.14
"1370",7.27
"1371",7.35
"1372",7.35
"1373",7.34
"1374",7.32
"1375",7.44
"1376",7.38
"1377",7.37
"1378",7.38
"1379",7.44
"1380",7.43
"1381",7.44
"1382",7.46
"1383",7.4
"1384",7.41
"1385",7.48
"1386",NA
"1387",7.52
"1388",7.52
"1389",7.45
"1390",7.37
"1391",7.38
"1392",7.32
"1393",7.35
"1394",7.32
"1395",7.34
"1396",7.36
"1397",7.32
"1398",7.28
"1399",7.31
"1400",7.3
"1401",7.25
"1402",7.25
"1403",7.34
"1404",7.4
"1405",7.34
"1406",7.36
"1407",7.33
"1408",7.46
"1409",7.48
"1410",7.52
"1411",7.57
"1412",7.49
"1413",7.53
"1414",7.52
"1415",7.6
"1416",7.57
"1417",7.51
"1418",7.6
"1419",7.69
"1420",7.61
"1421",7.57
"1422",7.63
"1423",7.56
"1424",7.51
"1425",7.46
"1426",7.48
"1427",7.46
"1428",7.46
"1429",7.41
"1430",7.34
"1431",7.32
"1432",6.96
"1433",6.94
"1434",6.9
"1435",6.92
"1436",6.9
"1437",6.98
"1438",6.95
"1439",6.93
"1440",6.93
"1441",6.88
"1442",6.82
"1443",6.84
"1444",6.84
"1445",6.76
"1446",6.89
"1447",6.84
"1448",6.96
"1449",6.94
"1450",7
"1451",7.09
"1452",7.14
"1453",7.13
"1454",7.11
"1455",7.14
"1456",7.15
"1457",7.15
"1458",7.25
"1459",7.18
"1460",7.08
"1461",6.98
"1462",7.03
"1463",7
"1464",7.07
"1465",7.19
"1466",7.14
"1467",7.09
"1468",7.12
"1469",7.11
"1470",7.16
"1471",7.34
"1472",7.34
"1473",7.39
"1474",7.59
"1475",7.59
"1476",7.31
"1477",7.2
"1478",7.14
"1479",7.24
"1480",7.37
"1481",7.27
"1482",7.36
"1483",7.32
"1484",7.29
"1485",7.21
"1486",7.19
"1487",7.22
"1488",7.33
"1489",7.27
"1490",7.05
"1491",7.04
"1492",7.08
"1493",7.02
"1494",6.98
"1495",7.02
"1496",6.96
"1497",6.93
"1498",6.9
"1499",6.9
"1500",6.89
"1501",6.82
"1502",6.83
"1503",6.78
"1504",6.9
"1505",6.91
"1506",6.85
"1507",6.93
"1508",6.8
"1509",6.73
"1510",6.68
"1511",6.65
"1512",6.64
"1513",6.62
"1514",6.65
"1515",6.64
"1516",6.71
"1517",6.77
"1518",6.74
"1519",6.67
"1520",6.72
"1521",6.78
"1522",6.76
"1523",6.77
"1524",6.88
"1525",6.93
"1526",7.1
"1527",7.21
"1528",7.3
"1529",7.3
"1530",7.3
"1531",7.39
"1532",7.45
"1533",7.52
"1534",7.53
"1535",7.58
"1536",7.58
"1537",7.56
"1538",7.42
"1539",7.34
"1540",7.26
"1541",7.1
"1542",7.11
"1543",6.94
"1544",6.96
"1545",6.94
"1546",6.91
"1547",6.82
"1548",6.67
"1549",6.64
"1550",6.64
"1551",6.66
"1552",6.64
"1553",6.71
"1554",6.63
"1555",6.54
"1556",6.49
"1557",6.54
"1558",6.53
"1559",6.54
"1560",6.54
"1561",6.47
"1562",6.61
"1563",6.6
"1564",6.57
"1565",6.56
"1566",6.48
"1567",6.53
"1568",6.5
"1569",6.45
"1570",6.41
"1571",6.4
"1572",6.41
"1573",6.34
"1574",6.32
"1575",6.36
"1576",6.37
"1577",6.29
"1578",6.22
"1579",6.14
"1580",6.14
"1581",6.15
"1582",6.11
"1583",NA
"1584",6.1
"1585",6.01
"1586",5.98
"1587",6
"1588",NA
"1589",6.17
"1590",6.14
"1591",6.14
"1592",6.07
"1593",6.02
"1594",6.14
"1595",6.09
"1596",6.04
"1597",6.01
"1598",6
"1599",6.03
"1600",5.99
"1601",5.99
"1602",5.96
"1603",5.93
"1604",5.93
"1605",5.9
"1606",5.96
"1607",5.95
"1608",6.01
"1609",5.94
"1610",5.95
"1611",5.94
"1612",5.89
"1613",5.93
"1614",5.88
"1615",5.84
"1616",5.89
"1617",5.85
"1618",5.81
"1619",5.78
"1620",5.85
"1621",5.84
"1622",5.84
"1623",5.76
"1624",5.72
"1625",5.75
"1626",5.71
"1627",5.69
"1628",5.66
"1629",5.64
"1630",5.62
"1631",5.56
"1632",5.57
"1633",5.58
"1634",5.61
"1635",5.62
"1636",5.58
"1637",5.63
"1638",5.66
"1639",5.76
"1640",5.73
"1641",5.8
"1642",5.84
"1643",5.89
"1644",5.91
"1645",5.94
"1646",5.84
"1647",5.82
"1648",5.76
"1649",5.72
"1650",5.67
"1651",5.64
"1652",5.61
"1653",5.66
"1654",5.61
"1655",5.65
"1656",5.68
"1657",5.63
"1658",5.6
"1659",5.64
"1660",5.67
"1661",5.7
"1662",5.61
"1663",5.54
"1664",5.54
"1665",NA
"1666",5.52
"1667",5.49
"1668",5.44
"1669",5.35
"1670",5.32
"1671",5.32
"1672",5.33
"1673",5.27
"1674",5.24
"1675",5.25
"1676",5.21
"1677",5.11
"1678",5.02
"1679",5.01
"1680",5.01
"1681",4.99
"1682",5
"1683",4.94
"1684",4.97
"1685",4.9
"1686",4.89
"1687",4.83
"1688",4.88
"1689",4.82
"1690",4.8
"1691",4.8
"1692",4.82
"1693",4.82
"1694",4.75
"1695",4.75
"1696",4.78
"1697",4.81
"1698",4.73
"1699",4.7
"1700",4.72
"1701",4.73
"1702",4.64
"1703",4.56
"1704",4.56
"1705",4.53
"1706",4.47
"1707",4.51
"1708",4.57
"1709",4.63
"1710",4.61
"1711",4.66
"1712",4.6
"1713",4.56
"1714",4.65
"1715",4.79
"1716",4.8
"1717",4.78
"1718",4.81
"1719",4.78
"1720",4.84
"1721",4.84
"1722",4.88
"1723",4.89
"1724",4.87
"1725",4.83
"1726",4.8
"1727",4.85
"1728",4.99
"1729",5.01
"1730",5.01
"1731",5.01
"1732",5.17
"1733",5.13
"1734",5.08
"1735",5.1
"1736",5.11
"1737",5.21
"1738",5.31
"1739",5.27
"1740",5.52
"1741",5.5
"1742",5.41
"1743",5.54
"1744",5.43
"1745",5.39
"1746",5.37
"1747",5.44
"1748",5.41
"1749",5.59
"1750",5.62
"1751",5.56
"1752",5.52
"1753",5.43
"1754",5.46
"1755",5.53
"1756",5.48
"1757",5.54
"1758",5.5
"1759",5.54
"1760",5.43
"1761",5.44
"1762",5.48
"1763",5.47
"1764",5.56
"1765",5.55
"1766",5.48
"1767",5.32
"1768",5.35
"1769",5.32
"1770",5.22
"1771",5.28
"1772",5.21
"1773",5.16
"1774",5.18
"1775",5.09
"1776",5.1
"1777",5.08
"1778",5.13
"1779",5.12
"1780",5.06
"1781",5.03
"1782",4.96
"1783",4.99
"1784",4.9
"1785",4.89
"1786",4.94
"1787",5.12
"1788",5.06
"1789",5.14
"1790",5.13
"1791",5.16
"1792",5.11
"1793",5.1
"1794",5.18
"1795",5.21
"1796",5.27
"1797",5.19
"1798",5.17
"1799",5.2
"1800",5.14
"1801",5.17
"1802",5.08
"1803",5.12
"1804",5.03
"1805",5.1
"1806",5.16
"1807",5.17
"1808",5.22
"1809",5.17
"1810",5.24
"1811",5.31
"1812",5.33
"1813",5.34
"1814",5.34
"1815",5.25
"1816",5.1
"1817",5.03
"1818",4.98
"1819",4.96
"1820",5.03
"1821",4.98
"1822",4.97
"1823",5.03
"1824",4.99
"1825",5.04
"1826",5.04
"1827",5.11
"1828",5.15
"1829",5.2
"1830",5.17
"1831",5.18
"1832",5.12
"1833",4.98
"1834",5.03
"1835",5.09
"1836",5.05
"1837",4.98
"1838",4.97
"1839",4.97
"1840",4.95
"1841",4.91
"1842",4.88
"1843",4.85
"1844",4.87
"1845",4.96
"1846",4.89
"1847",NA
"1848",4.84
"1849",4.89
"1850",4.93
"1851",4.92
"1852",NA
"1853",5.01
"1854",5
"1855",4.89
"1856",4.87
"1857",4.86
"1858",4.71
"1859",4.7
"1860",4.66
"1861",4.64
"1862",4.62
"1863",4.65
"1864",4.64
"1865",4.67
"1866",4.66
"1867",4.59
"1868",4.67
"1869",4.73
"1870",4.68
"1871",4.8
"1872",4.82
"1873",4.77
"1874",4.81
"1875",4.82
"1876",4.77
"1877",4.79
"1878",4.84
"1879",4.76
"1880",4.73
"1881",4.77
"1882",4.69
"1883",4.72
"1884",4.68
"1885",4.67
"1886",4.68
"1887",4.67
"1888",4.67
"1889",4.72
"1890",4.68
"1891",4.68
"1892",4.67
"1893",4.69
"1894",4.64
"1895",4.67
"1896",4.66
"1897",4.71
"1898",4.73
"1899",4.7
"1900",4.53
"1901",4.47
"1902",4.44
"1903",4.46
"1904",4.48
"1905",4.5
"1906",4.5
"1907",4.43
"1908",4.43
"1909",4.48
"1910",4.51
"1911",4.46
"1912",4.45
"1913",4.46
"1914",4.47
"1915",4.55
"1916",4.58
"1917",4.58
"1918",4.59
"1919",4.64
"1920",4.85
"1921",4.91
"1922",4.86
"1923",4.85
"1924",4.87
"1925",NA
"1926",4.88
"1927",4.98
"1928",5.04
"1929",5.06
"1930",5.01
"1931",5.05
"1932",5.09
"1933",5.1
"1934",5.03
"1935",5.12
"1936",5.09
"1937",5.06
"1938",5.13
"1939",5.2
"1940",5.21
"1941",5.2
"1942",5.23
"1943",5.27
"1944",5.33
"1945",5.51
"1946",5.54
"1947",5.52
"1948",5.55
"1949",5.61
"1950",5.54
"1951",5.45
"1952",5.47
"1953",5.52
"1954",5.47
"1955",5.51
"1956",5.49
"1957",5.48
"1958",5.43
"1959",5.35
"1960",5.4
"1961",5.44
"1962",5.48
"1963",5.51
"1964",5.51
"1965",5.57
"1966",5.54
"1967",5.54
"1968",5.59
"1969",5.58
"1970",5.58
"1971",5.66
"1972",5.48
"1973",5.52
"1974",5.49
"1975",5.5
"1976",5.48
"1977",5.48
"1978",5.47
"1979",5.42
"1980",5.43
"1981",5.52
"1982",5.49
"1983",5.46
"1984",5.4
"1985",5.31
"1986",5.3
"1987",5.32
"1988",5.31
"1989",5.31
"1990",5.3
"1991",5.28
"1992",5.31
"1993",5.32
"1994",5.31
"1995",5.18
"1996",5.18
"1997",5.27
"1998",5.31
"1999",5.29
"2000",5.27
"2001",5.31
"2002",5.4
"2003",5.39
"2004",5.37
"2005",5.28
"2006",5.33
"2007",5.33
"2008",5.3
"2009",5.31
"2010",5.29
"2011",5.1
"2012",5.13
"2013",5.19
"2014",5.19
"2015",5.15
"2016",5.11
"2017",5.13
"2018",5.07
"2019",5.09
"2020",5.07
"2021",5.09
"2022",5.13
"2023",5.12
"2024",5.11
"2025",5.07
"2026",5.07
"2027",5.03
"2028",4.99
"2029",4.99
"2030",5.04
"2031",5.13
"2032",5.13
"2033",5.09
"2034",5
"2035",5.03
"2036",5.02
"2037",4.99
"2038",4.96
"2039",4.98
"2040",4.89
"2041",4.95
"2042",4.88
"2043",4.88
"2044",4.85
"2045",4.9
"2046",4.91
"2047",4.88
"2048",4.88
"2049",4.95
"2050",4.99
"2051",5.03
"2052",5.01
"2053",5.01
"2054",5.06
"2055",5.08
"2056",4.97
"2057",4.97
"2058",4.94
"2059",4.91
"2060",4.86
"2061",4.9
"2062",4.9
"2063",4.9
"2064",4.88
"2065",4.89
"2066",4.88
"2067",4.87
"2068",4.87
"2069",4.95
"2070",4.93
"2071",4.88
"2072",4.9
"2073",4.95
"2074",4.93
"2075",4.91
"2076",4.91
"2077",5.02
"2078",5.05
"2079",5.05
"2080",5.08
"2081",5.08
"2082",5.03
"2083",5.02
"2084",5.04
"2085",4.98
"2086",4.96
"2087",5.04
"2088",5.01
"2089",5.03
"2090",5.04
"2091",5.04
"2092",5.08
"2093",5.14
"2094",5.18
"2095",5.19
"2096",5.2
"2097",5.08
"2098",5.05
"2099",5.05
"2100",4.97
"2101",5
"2102",5
"2103",5
"2104",4.98
"2105",4.93
"2106",5.01
"2107",5.03
"2108",5.02
"2109",5
"2110",5.02
"2111",5.02
"2112",NA
"2113",5.08
"2114",5.08
"2115",5.11
"2116",5.06
"2117",5.07
"2118",5.08
"2119",5.14
"2120",5.15
"2121",5.16
"2122",5.17
"2123",5.17
"2124",5.15
"2125",5.14
"2126",5.1
"2127",5.14
"2128",5.13
"2129",5.13
"2130",5.13
"2131",5.13
"2132",5.11
"2133",5.08
"2134",5.12
"2135",5.12
"2136",5.13
"2137",5.08
"2138",5.11
"2139",5.1
"2140",5.1
"2141",5.12
"2142",5.03
"2143",5.01
"2144",5
"2145",4.96
"2146",5.03
"2147",5.06
"2148",5.04
"2149",5.06
"2150",5.11
"2151",5.12
"2152",5.18
"2153",5.18
"2154",5.2
"2155",5.19
"2156",5.2
"2157",5.2
"2158",5.3
"2159",5.3
"2160",5.31
"2161",5.31
"2162",5.26
"2163",5.26
"2164",5.32
"2165",5.42
"2166",5.39
"2167",5.46
"2168",5.46
"2169",5.48
"2170",5.51
"2171",5.5
"2172",5.54
"2173",5.6
"2174",5.7
"2175",5.72
"2176",5.69
"2177",NA
"2178",5.72
"2179",5.72
"2180",5.7
"2181",5.68
"2182",5.65
"2183",5.67
"2184",5.69
"2185",5.64
"2186",5.68
"2187",5.7
"2188",5.74
"2189",5.66
"2190",5.68
"2191",5.7
"2192",5.67
"2193",5.69
"2194",5.63
"2195",5.6
"2196",5.65
"2197",5.58
"2198",5.6
"2199",5.63
"2200",5.6
"2201",5.55
"2202",5.6
"2203",5.62
"2204",5.61
"2205",5.63
"2206",5.59
"2207",5.61
"2208",5.78
"2209",5.77
"2210",5.72
"2211",5.72
"2212",5.71
"2213",5.7
"2214",5.71
"2215",5.72
"2216",5.68
"2217",5.7
"2218",5.7
"2219",5.63
"2220",5.62
"2221",5.61
"2222",5.59
"2223",5.55
"2224",5.55
"2225",5.3
"2226",5.2
"2227",5.15
"2228",5.22
"2229",5.21
"2230",5.16
"2231",5.2
"2232",5.24
"2233",5.32
"2234",5.34
"2235",5.36
"2236",5.35
"2237",5.32
"2238",5.33
"2239",5.34
"2240",5.3
"2241",5.23
"2242",5.25
"2243",5.22
"2244",5.2
"2245",5.25
"2246",5.27
"2247",5.24
"2248",5.32
"2249",5.32
"2250",5.38
"2251",5.36
"2252",5.32
"2253",5.38
"2254",5.36
"2255",5.39
"2256",5.41
"2257",5.41
"2258",5.4
"2259",5.43
"2260",5.4
"2261",5.38
"2262",5.47
"2263",5.42
"2264",5.44
"2265",5.43
"2266",5.45
"2267",5.38
"2268",5.45
"2269",5.47
"2270",5.49
"2271",5.51
"2272",5.48
"2273",5.5
"2274",5.58
"2275",5.61
"2276",5.59
"2277",5.58
"2278",5.54
"2279",5.47
"2280",5.49
"2281",5.44
"2282",5.48
"2283",5.43
"2284",5.42
"2285",5.42
"2286",5.39
"2287",5.39
"2288",5.37
"2289",5.41
"2290",5.4
"2291",5.32
"2292",5.22
"2293",5.2
"2294",5.22
"2295",5.22
"2296",5.28
"2297",5.33
"2298",5.34
"2299",5.33
"2300",5.36
"2301",5.33
"2302",5.35
"2303",5.39
"2304",5.44
"2305",5.43
"2306",5.45
"2307",5.41
"2308",5.41
"2309",5.47
"2310",5.5
"2311",5.52
"2312",5.49
"2313",5.52
"2314",5.58
"2315",5.62
"2316",5.61
"2317",5.6
"2318",5.61
"2319",5.61
"2320",5.6
"2321",5.64
"2322",5.72
"2323",5.76
"2324",5.78
"2325",5.75
"2326",5.72
"2327",5.71
"2328",5.71
"2329",5.64
"2330",5.69
"2331",5.75
"2332",5.84
"2333",5.82
"2334",5.84
"2335",5.85
"2336",5.87
"2337",5.9
"2338",5.93
"2339",5.95
"2340",5.93
"2341",5.88
"2342",5.95
"2343",5.89
"2344",5.89
"2345",5.95
"2346",5.91
"2347",5.87
"2348",5.86
"2349",5.88
"2350",5.84
"2351",5.8
"2352",5.86
"2353",5.86
"2354",5.82
"2355",5.8
"2356",5.86
"2357",5.9
"2358",5.93
"2359",5.93
"2360",5.98
"2361",5.92
"2362",5.95
"2363",5.89
"2364",5.95
"2365",5.95
"2366",5.94
"2367",5.87
"2368",5.88
"2369",5.86
"2370",5.86
"2371",5.9
"2372",5.92
"2373",5.87
"2374",5.82
"2375",NA
"2376",5.79
"2377",5.82
"2378",5.83
"2379",5.85
"2380",5.66
"2381",NA
"2382",5.62
"2383",5.61
"2384",5.61
"2385",5.63
"2386",5.63
"2387",5.68
"2388",5.71
"2389",5.66
"2390",5.61
"2391",5.6
"2392",5.58
"2393",5.59
"2394",5.63
"2395",5.61
"2396",5.6
"2397",5.63
"2398",5.7
"2399",5.74
"2400",5.72
"2401",5.75
"2402",5.74
"2403",5.77
"2404",5.77
"2405",5.75
"2406",5.76
"2407",5.77
"2408",5.8
"2409",5.78
"2410",5.82
"2411",5.81
"2412",5.83
"2413",5.82
"2414",5.81
"2415",5.76
"2416",5.76
"2417",5.78
"2418",5.75
"2419",5.78
"2420",5.79
"2421",5.8
"2422",5.78
"2423",5.81
"2424",5.85
"2425",5.9
"2426",5.94
"2427",5.94
"2428",5.94
"2429",5.94
"2430",5.96
"2431",5.98
"2432",5.9
"2433",5.92
"2434",5.84
"2435",5.85
"2436",5.84
"2437",5.9
"2438",5.9
"2439",5.93
"2440",5.88
"2441",5.9
"2442",5.98
"2443",6.01
"2444",6.05
"2445",6.07
"2446",6.08
"2447",6.07
"2448",6.04
"2449",6.09
"2450",6.15
"2451",6.15
"2452",6.12
"2453",6.16
"2454",6.21
"2455",NA
"2456",6.18
"2457",6.14
"2458",6.18
"2459",6.18
"2460",6.17
"2461",6.14
"2462",6.21
"2463",6.24
"2464",6.2
"2465",6.17
"2466",6.18
"2467",6.23
"2468",6.21
"2469",6.23
"2470",6.24
"2471",6.21
"2472",6.22
"2473",6.22
"2474",6.23
"2475",6.25
"2476",6.29
"2477",6.26
"2478",6.22
"2479",6.28
"2480",6.21
"2481",6.2
"2482",6.19
"2483",6.22
"2484",6.2
"2485",6.24
"2486",6.22
"2487",6.22
"2488",6.26
"2489",6.33
"2490",6.32
"2491",6.21
"2492",6.25
"2493",6.25
"2494",6.27
"2495",6.25
"2496",6.24
"2497",6.25
"2498",6.23
"2499",6.33
"2500",6.38
"2501",6.4
"2502",6.42
"2503",6.44
"2504",6.44
"2505",6.49
"2506",6.52
"2507",6.54
"2508",6.51
"2509",6.55
"2510",6.5
"2511",6.44
"2512",6.44
"2513",6.44
"2514",6.51
"2515",6.48
"2516",6.43
"2517",6.42
"2518",6.4
"2519",6.4
"2520",6.37
"2521",6.37
"2522",6.38
"2523",6.44
"2524",6.37
"2525",6.33
"2526",6.34
"2527",6.34
"2528",6.37
"2529",6.33
"2530",6.33
"2531",6.27
"2532",6.27
"2533",6.26
"2534",6.25
"2535",6.24
"2536",6.19
"2537",6.21
"2538",6.21
"2539",6.22
"2540",6.23
"2541",6.27
"2542",6.29
"2543",6.22
"2544",6.17
"2545",6.17
"2546",6.14
"2547",6.12
"2548",6.12
"2549",6.13
"2550",6.12
"2551",6.11
"2552",6.12
"2553",6.11
"2554",6.08
"2555",6.06
"2556",6.04
"2557",6.04
"2558",6.09
"2559",6.11
"2560",6.1
"2561",6.07
"2562",6.1
"2563",6.08
"2564",6.07
"2565",6.09
"2566",6.1
"2567",6.11
"2568",6.04
"2569",6.04
"2570",5.96
"2571",5.92
"2572",5.88
"2573",5.91
"2574",5.92
"2575",5.95
"2576",5.95
"2577",5.96
"2578",5.94
"2579",5.94
"2580",5.89
"2581",5.93
"2582",6.02
"2583",6.02
"2584",6.07
"2585",6.11
"2586",6.1
"2587",6.12
"2588",6.1
"2589",6.08
"2590",6.07
"2591",6.09
"2592",6.08
"2593",6.12
"2594",6.12
"2595",6.08
"2596",6.02
"2597",5.98
"2598",5.97
"2599",5.91
"2600",5.85
"2601",5.88
"2602",5.99
"2603",5.98
"2604",5.93
"2605",5.9
"2606",5.9
"2607",5.86
"2608",5.87
"2609",5.84
"2610",5.9
"2611",5.93
"2612",5.88
"2613",5.87
"2614",5.85
"2615",5.84
"2616",5.84
"2617",5.82
"2618",5.81
"2619",5.79
"2620",5.8
"2621",5.75
"2622",5.71
"2623",5.71
"2624",5.71
"2625",5.75
"2626",5.74
"2627",5.81
"2628",5.78
"2629",5.76
"2630",5.84
"2631",5.87
"2632",5.87
"2633",5.86
"2634",5.87
"2635",5.86
"2636",5.82
"2637",5.89
"2638",NA
"2639",5.87
"2640",5.92
"2641",5.95
"2642",5.96
"2643",5.98
"2644",NA
"2645",5.95
"2646",5.93
"2647",5.88
"2648",5.91
"2649",5.92
"2650",5.91
"2651",5.94
"2652",5.98
"2653",6.01
"2654",6.01
"2655",5.99
"2656",6.02
"2657",5.99
"2658",6.01
"2659",5.99
"2660",6.03
"2661",6.02
"2662",6.07
"2663",6.08
"2664",6.09
"2665",6.08
"2666",6.04
"2667",6.04
"2668",6.03
"2669",6.01
"2670",5.97
"2671",5.94
"2672",5.93
"2673",5.98
"2674",6
"2675",6.01
"2676",5.93
"2677",5.9
"2678",5.88
"2679",5.88
"2680",5.86
"2681",5.87
"2682",5.91
"2683",5.86
"2684",5.81
"2685",5.72
"2686",5.76
"2687",5.77
"2688",5.73
"2689",5.76
"2690",5.77
"2691",5.75
"2692",5.74
"2693",5.82
"2694",5.79
"2695",5.74
"2696",5.77
"2697",5.79
"2698",5.8
"2699",5.82
"2700",5.8
"2701",5.77
"2702",5.83
"2703",5.86
"2704",5.83
"2705",5.85
"2706",5.86
"2707",5.87
"2708",5.89
"2709",5.91
"2710",5.89
"2711",5.92
"2712",5.91
"2713",5.93
"2714",NA
"2715",6
"2716",5.97
"2717",5.98
"2718",5.98
"2719",6
"2720",5.97
"2721",5.92
"2722",5.89
"2723",5.9
"2724",5.9
"2725",5.88
"2726",5.85
"2727",5.87
"2728",5.91
"2729",5.92
"2730",5.86
"2731",5.87
"2732",5.88
"2733",5.9
"2734",5.87
"2735",5.87
"2736",5.86
"2737",5.9
"2738",5.88
"2739",5.9
"2740",5.91
"2741",5.93
"2742",5.92
"2743",5.97
"2744",6.01
"2745",6
"2746",6.03
"2747",6.06
"2748",6.05
"2749",6.06
"2750",NA
"2751",6.08
"2752",6.09
"2753",6.13
"2754",6.19
"2755",6.16
"2756",6.21
"2757",6.2
"2758",6.32
"2759",6.34
"2760",6.36
"2761",6.45
"2762",6.42
"2763",6.43
"2764",6.38
"2765",6.35
"2766",6.3
"2767",6.34
"2768",6.37
"2769",6.35
"2770",6.3
"2771",6.33
"2772",6.3
"2773",6.36
"2774",6.26
"2775",6.29
"2776",6.26
"2777",6.3
"2778",6.3
"2779",6.39
"2780",6.43
"2781",6.4
"2782",6.3
"2783",6.34
"2784",6.38
"2785",6.38
"2786",6.31
"2787",6.35
"2788",6.3
"2789",6.33
"2790",6.28
"2791",6.31
"2792",6.31
"2793",6.3
"2794",6.31
"2795",6.36
"2796",6.39
"2797",6.37
"2798",6.36
"2799",6.35
"2800",6.3
"2801",6.34
"2802",6.36
"2803",6.45
"2804",6.38
"2805",6.38
"2806",6.38
"2807",6.34
"2808",6.35
"2809",6.3
"2810",6.37
"2811",6.34
"2812",6.31
"2813",6.34
"2814",6.33
"2815",6.36
"2816",6.33
"2817",6.27
"2818",6.31
"2819",6.26
"2820",6.23
"2821",6.23
"2822",6.26
"2823",6.17
"2824",6.22
"2825",6.11
"2826",6.09
"2827",6.14
"2828",6.19
"2829",6.26
"2830",6.24
"2831",6.25
"2832",6.25
"2833",6.25
"2834",6.35
"2835",6.3
"2836",6.28
"2837",6.26
"2838",6.25
"2839",6.21
"2840",6.21
"2841",6.23
"2842",6.22
"2843",6.2
"2844",6.21
"2845",6.19
"2846",6.28
"2847",6.28
"2848",6.28
"2849",6.27
"2850",6.25
"2851",6.28
"2852",6.25
"2853",6.24
"2854",6.14
"2855",6.1
"2856",6.02
"2857",6.04
"2858",6.04
"2859",5.98
"2860",6.01
"2861",6.04
"2862",6.04
"2863",6.05
"2864",6.2
"2865",6.1
"2866",6.06
"2867",6.09
"2868",6.13
"2869",6.12
"2870",6.09
"2871",6.07
"2872",6.07
"2873",6.14
"2874",6.17
"2875",6.08
"2876",6.1
"2877",6.07
"2878",6.08
"2879",6.05
"2880",6.05
"2881",6.07
"2882",5.94
"2883",6.07
"2884",6.17
"2885",6.11
"2886",6.13
"2887",6.06
"2888",6.07
"2889",6.12
"2890",6.23
"2891",6.34
"2892",6.37
"2893",6.22
"2894",6.3
"2895",6.39
"2896",6.46
"2897",6.41
"2898",6.34
"2899",6.29
"2900",6.25
"2901",6.38
"2902",6.42
"2903",NA
"2904",6.49
"2905",6.41
"2906",6.31
"2907",6.28
"2908",NA
"2909",6.14
"2910",6.16
"2911",6.13
"2912",6.15
"2913",6.18
"2914",6.19
"2915",6.24
"2916",6.11
"2917",6.11
"2918",6.04
"2919",6.06
"2920",6.02
"2921",6.03
"2922",6.03
"2923",5.94
"2924",5.92
"2925",6.12
"2926",6.05
"2927",6.05
"2928",6.1
"2929",6.18
"2930",6.1
"2931",6.05
"2932",6.08
"2933",6.02
"2934",6.05
"2935",6.15
"2936",6.1
"2937",6.09
"2938",6.17
"2939",6.17
"2940",6.26
"2941",6.25
"2942",6.25
"2943",6.36
"2944",6.42
"2945",6.3
"2946",6.31
"2947",6.43
"2948",6.39
"2949",6.38
"2950",6.31
"2951",6.18
"2952",6.2
"2953",6.27
"2954",6.39
"2955",6.38
"2956",6.35
"2957",6.31
"2958",6.52
"2959",6.43
"2960",6.5
"2961",6.37
"2962",6.34
"2963",6.49
"2964",6.42
"2965",6.41
"2966",NA
"2967",6.6
"2968",6.56
"2969",6.54
"2970",6.57
"2971",6.53
"2972",6.47
"2973",6.59
"2974",6.59
"2975",6.6
"2976",6.48
"2977",6.5
"2978",6.48
"2979",6.4
"2980",6.46
"2981",6.41
"2982",6.43
"2983",6.49
"2984",6.61
"2985",6.65
"2986",6.63
"2987",6.58
"2988",6.57
"2989",6.56
"2990",6.65
"2991",6.67
"2992",6.6
"2993",6.57
"2994",6.49
"2995",6.46
"2996",6.51
"2997",6.5
"2998",6.54
"2999",6.5
"3000",6.43
"3001",6.4
"3002",6.42
"3003",6.55
"3004",6.58
"3005",6.49
"3006",6.47
"3007",6.45
"3008",6.39
"3009",6.45
"3010",6.56
"3011",6.49
"3012",6.49
"3013",6.58
"3014",6.65
"3015",6.69
"3016",6.66
"3017",6.6
"3018",6.53
"3019",6.46
"3020",6.5
"3021",6.56
"3022",6.47
"3023",6.57
"3024",6.71
"3025",6.67
"3026",6.81
"3027",6.86
"3028",6.83
"3029",6.8
"3030",6.73
"3031",6.8
"3032",6.74
"3033",6.79
"3034",6.74
"3035",6.75
"3036",6.7
"3037",6.69
"3038",6.76
"3039",6.79
"3040",6.75
"3041",6.76
"3042",6.76
"3043",6.73
"3044",6.71
"3045",6.69
"3046",6.69
"3047",6.84
"3048",6.77
"3049",6.76
"3050",6.85
"3051",6.97
"3052",7.01
"3053",7
"3054",7.05
"3055",7.1
"3056",6.97
"3057",7.07
"3058",6.98
"3059",7.01
"3060",7.03
"3061",6.97
"3062",6.94
"3063",6.96
"3064",7
"3065",7.04
"3066",6.93
"3067",6.95
"3068",7
"3069",6.93
"3070",6.95
"3071",6.9
"3072",6.87
"3073",6.84
"3074",6.87
"3075",6.84
"3076",6.89
"3077",6.94
"3078",6.88
"3079",6.89
"3080",6.88
"3081",6.91
"3082",6.93
"3083",6.93
"3084",6.93
"3085",6.87
"3086",6.84
"3087",6.81
"3088",6.84
"3089",6.86
"3090",6.82
"3091",6.89
"3092",6.91
"3093",7.02
"3094",6.86
"3095",7
"3096",6.99
"3097",7.07
"3098",7.38
"3099",7.42
"3100",7.45
"3101",7.43
"3102",7.64
"3103",7.64
"3104",7.49
"3105",7.89
"3106",7.89
"3107",7.93
"3108",8
"3109",7.89
"3110",8.07
"3111",8.36
"3112",8.6
"3113",8.99
"3114",9
"3115",9.2
"3116",9.26
"3117",9.41
"3118",9.65
"3119",9.7
"3120",9.62
"3121",9.59
"3122",9.58
"3123",9.82
"3124",9.95
"3125",10.09
"3126",10.17
"3127",10.22
"3128",10.23
"3129",10.15
"3130",10.02
"3131",9.91
"3132",9.88
"3133",9.92
"3134",9.86
"3135",9.86
"3136",9.76
"3137",9.86
"3138",9.8
"3139",9.79
"3140",9.78
"3141",9.75
"3142",9.73
"3143",9.89
"3144",10.15
"3145",10.02
"3146",9.97
"3147",9.97
"3148",9.94
"3149",10.01
"3150",9.85
"3151",9.91
"3152",9.95
"3153",9.89
"3154",10.04
"3155",10.09
"3156",10.03
"3157",10.05
"3158",10.01
"3159",9.99
"3160",9.95
"3161",9.84
"3162",9.71
"3163",9.58
"3164",9.58
"3165",9.6
"3166",9.59
"3167",9.58
"3168",NA
"3169",9.54
"3170",9.49
"3171",9.41
"3172",9.67
"3173",NA
"3174",9.81
"3175",9.73
"3176",9.57
"3177",9.43
"3178",9.32
"3179",9.22
"3180",9.09
"3181",9.08
"3182",8.97
"3183",8.98
"3184",9
"3185",9
"3186",9.01
"3187",9.14
"3188",9.16
"3189",9.19
"3190",9.17
"3191",9.01
"3192",9.06
"3193",9.09
"3194",9.05
"3195",9.15
"3196",9.04
"3197",9.13
"3198",9.14
"3199",9.09
"3200",9.12
"3201",9.1
"3202",8.92
"3203",8.85
"3204",8.85
"3205",9.01
"3206",8.99
"3207",8.85
"3208",8.96
"3209",9.07
"3210",9.04
"3211",9.06
"3212",9.17
"3213",9.29
"3214",9.36
"3215",9.4
"3216",9.39
"3217",9.33
"3218",9.41
"3219",9.5
"3220",9.39
"3221",9.46
"3222",9.56
"3223",9.68
"3224",9.65
"3225",9.64
"3226",9.62
"3227",9.65
"3228",9.7
"3229",9.35
"3230",9.42
"3231",9.43
"3232",9.47
"3233",9.45
"3234",9.52
"3235",9.45
"3236",9.44
"3237",9.4
"3238",9.43
"3239",9.41
"3240",9.46
"3241",9.57
"3242",9.56
"3243",9.49
"3244",9.41
"3245",9.39
"3246",NA
"3247",9.26
"3248",9.15
"3249",9.07
"3250",9.06
"3251",9.05
"3252",8.93
"3253",8.96
"3254",8.97
"3255",8.93
"3256",8.95
"3257",8.86
"3258",8.87
"3259",8.83
"3260",8.77
"3261",8.69
"3262",8.65
"3263",8.56
"3264",8.48
"3265",8.44
"3266",8.34
"3267",8.24
"3268",8.21
"3269",8.16
"3270",8.17
"3271",8.16
"3272",8.23
"3273",8.18
"3274",8.06
"3275",8.12
"3276",8.14
"3277",8.14
"3278",8.12
"3279",8.16
"3280",8.08
"3281",7.84
"3282",7.83
"3283",7.96
"3284",7.78
"3285",7.63
"3286",7.71
"3287",7.84
"3288",7.84
"3289",7.76
"3290",7.74
"3291",7.62
"3292",7.54
"3293",7.44
"3294",7.38
"3295",7.36
"3296",7.49
"3297",7.42
"3298",7.34
"3299",7.31
"3300",7.35
"3301",7.23
"3302",7.21
"3303",7.21
"3304",7.21
"3305",7.2
"3306",7.13
"3307",7.13
"3308",7.13
"3309",7.1
"3310",6.97
"3311",7.08
"3312",6.98
"3313",7.01
"3314",7.05
"3315",7.13
"3316",7.06
"3317",7.09
"3318",7.01
"3319",6.88
"3320",6.91
"3321",7
"3322",6.92
"3323",6.9
"3324",6.85
"3325",6.78
"3326",6.67
"3327",6.54
"3328",6.62
"3329",6.58
"3330",6.59
"3331",6.5
"3332",6.56
"3333",6.45
"3334",6.4
"3335",6.42
"3336",6.31
"3337",6.27
"3338",6.24
"3339",6.29
"3340",6.25
"3341",6.23
"3342",6.34
"3343",6.26
"3344",6.21
"3345",6.18
"3346",6.18
"3347",6.15
"3348",6.11
"3349",6.09
"3350",6.03
"3351",6.06
"3352",6.13
"3353",6.13
"3354",6.13
"3355",6.12
"3356",5.98
"3357",5.95
"3358",5.96
"3359",5.96
"3360",5.95
"3361",5.86
"3362",5.9
"3363",5.89
"3364",5.84
"3365",5.8
"3366",5.76
"3367",5.74
"3368",5.72
"3369",5.72
"3370",5.77
"3371",5.69
"3372",5.73
"3373",5.73
"3374",5.72
"3375",5.65
"3376",5.7
"3377",5.79
"3378",5.79
"3379",5.71
"3380",5.78
"3381",5.8
"3382",5.75
"3383",5.73
"3384",5.68
"3385",5.72
"3386",5.7
"3387",5.73
"3388",5.78
"3389",5.68
"3390",5.64
"3391",5.71
"3392",5.61
"3393",5.64
"3394",5.67
"3395",5.7
"3396",5.74
"3397",5.71
"3398",5.68
"3399",5.66
"3400",5.65
"3401",5.65
"3402",5.61
"3403",5.59
"3404",5.5
"3405",5.48
"3406",5.5
"3407",5.46
"3408",5.47
"3409",5.47
"3410",5.42
"3411",5.4
"3412",5.4
"3413",5.35
"3414",5.4
"3415",5.44
"3416",5.47
"3417",5.49
"3418",5.57
"3419",5.5
"3420",5.43
"3421",5.45
"3422",5.47
"3423",5.5
"3424",5.46
"3425",5.48
"3426",5.45
"3427",5.33
"3428",5.37
"3429",5.46
"3430",5.5
"3431",5.5
"3432",5.54
"3433",NA
"3434",5.56
"3435",5.53
"3436",5.5
"3437",5.58
"3438",NA
"3439",5.54
"3440",5.43
"3441",5.42
"3442",5.4
"3443",5.34
"3444",5.32
"3445",5.24
"3446",5.28
"3447",5.22
"3448",5.18
"3449",5.18
"3450",5.21
"3451",5.18
"3452",5.14
"3453",5.14
"3454",5.19
"3455",5.2
"3456",5.21
"3457",5.21
"3458",5.17
"3459",5.15
"3460",5.21
"3461",5.18
"3462",5.22
"3463",5.16
"3464",5.13
"3465",5.18
"3466",5.23
"3467",5.28
"3468",5.3
"3469",5.26
"3470",5.24
"3471",5.23
"3472",5.29
"3473",5.31
"3474",5.3
"3475",5.28
"3476",5.19
"3477",5.19
"3478",5.14
"3479",5.09
"3480",5.16
"3481",5.19
"3482",5.15
"3483",5.15
"3484",5.14
"3485",5.18
"3486",5.17
"3487",5.14
"3488",5.15
"3489",5.15
"3490",5.14
"3491",5.11
"3492",5.06
"3493",5.05
"3494",5.06
"3495",5.07
"3496",5.05
"3497",5.05
"3498",5.16
"3499",5.19
"3500",5.14
"3501",5.14
"3502",5.14
"3503",5.13
"3504",5.15
"3505",NA
"3506",5.26
"3507",5.23
"3508",5.13
"3509",5.15
"3510",5.13
"3511",5.09
"3512",5.06
"3513",5.07
"3514",5.04
"3515",4.96
"3516",4.99
"3517",4.99
"3518",4.93
"3519",4.96
"3520",5
"3521",4.99
"3522",4.9
"3523",4.97
"3524",4.93
"3525",4.92
"3526",4.97
"3527",4.91
"3528",4.9
"3529",4.85
"3530",5
"3531",5.02
"3532",5.04
"3533",5.04
"3534",5.02
"3535",4.93
"3536",4.96
"3537",4.9
"3538",4.96
"3539",4.99
"3540",4.99
"3541",5.03
"3542",5.06
"3543",5.12
"3544",5.19
"3545",5.13
"3546",5.16
"3547",5.18
"3548",5.24
"3549",5.24
"3550",5.11
"3551",5.12
"3552",5.15
"3553",5.16
"3554",5.28
"3555",5.19
"3556",5.21
"3557",5.23
"3558",5.2
"3559",5.12
"3560",5.13
"3561",5.11
"3562",5.06
"3563",5.02
"3564",5.04
"3565",5.03
"3566",4.97
"3567",4.94
"3568",4.98
"3569",4.97
"3570",5.01
"3571",5.01
"3572",4.96
"3573",4.99
"3574",5
"3575",5.01
"3576",4.99
"3577",5.01
"3578",4.93
"3579",4.87
"3580",4.83
"3581",4.85
"3582",4.82
"3583",4.77
"3584",4.79
"3585",4.81
"3586",4.78
"3587",4.79
"3588",4.73
"3589",4.7
"3590",4.63
"3591",4.67
"3592",4.7
"3593",4.64
"3594",4.66
"3595",4.63
"3596",4.57
"3597",4.56
"3598",4.54
"3599",4.5
"3600",4.54
"3601",4.51
"3602",4.42
"3603",4.46
"3604",4.45
"3605",4.4
"3606",4.44
"3607",4.42
"3608",4.36
"3609",4.42
"3610",4.4
"3611",4.51
"3612",4.43
"3613",4.43
"3614",4.5
"3615",4.51
"3616",4.55
"3617",4.54
"3618",4.46
"3619",4.5
"3620",4.58
"3621",4.58
"3622",4.51
"3623",4.44
"3624",4.47
"3625",4.49
"3626",4.47
"3627",4.44
"3628",4.35
"3629",4.33
"3630",4.34
"3631",4.37
"3632",4.3
"3633",4.26
"3634",4.29
"3635",4.33
"3636",4.33
"3637",4.3
"3638",4.28
"3639",4.22
"3640",4.21
"3641",4.19
"3642",4.19
"3643",4.21
"3644",4.2
"3645",4.24
"3646",4.29
"3647",4.23
"3648",4.21
"3649",4.21
"3650",4.24
"3651",4.24
"3652",4.22
"3653",4.28
"3654",4.32
"3655",4.27
"3656",4.22
"3657",4.26
"3658",4.27
"3659",4.23
"3660",4.24
"3661",4.13
"3662",4.17
"3663",4.19
"3664",4.27
"3665",4.26
"3666",4.26
"3667",4.36
"3668",4.47
"3669",4.43
"3670",4.45
"3671",4.46
"3672",4.45
"3673",4.4
"3674",4.38
"3675",4.49
"3676",4.49
"3677",4.45
"3678",4.44
"3679",4.46
"3680",4.59
"3681",4.61
"3682",4.59
"3683",4.51
"3684",4.67
"3685",4.72
"3686",4.72
"3687",4.75
"3688",4.71
"3689",4.82
"3690",4.86
"3691",4.83
"3692",4.71
"3693",4.73
"3694",4.72
"3695",4.74
"3696",4.77
"3697",4.77
"3698",4.74
"3699",4.83
"3700",4.71
"3701",4.73
"3702",4.72
"3703",4.73
"3704",4.73
"3705",4.82
"3706",4.76
"3707",4.68
"3708",4.67
"3709",4.68
"3710",4.69
"3711",4.64
"3712",4.65
"3713",4.64
"3714",4.66
"3715",4.63
"3716",4.72
"3717",4.68
"3718",4.67
"3719",4.6
"3720",4.67
"3721",4.62
"3722",4.59
"3723",4.67
"3724",4.71
"3725",4.74
"3726",4.77
"3727",4.84
"3728",4.82
"3729",4.87
"3730",4.81
"3731",4.86
"3732",4.82
"3733",4.79
"3734",4.78
"3735",4.78
"3736",4.73
"3737",4.74
"3738",4.73
"3739",4.64
"3740",4.67
"3741",4.65
"3742",4.63
"3743",4.65
"3744",4.64
"3745",4.67
"3746",4.75
"3747",4.67
"3748",4.67
"3749",4.7
"3750",4.64
"3751",4.59
"3752",4.59
"3753",4.54
"3754",4.57
"3755",4.5
"3756",4.53
"3757",4.54
"3758",4.56
"3759",4.56
"3760",4.57
"3761",4.6
"3762",4.64
"3763",4.64
"3764",4.67
"3765",4.65
"3766",4.67
"3767",4.67
"3768",4.64
"3769",4.68
"3770",4.71
"3771",4.7
"3772",4.7
"3773",4.7
"3774",4.64
"3775",4.61
"3776",4.63
"3777",4.56
"3778",4.53
"3779",4.52
"3780",4.55
"3781",4.55
"3782",NA
"3783",4.51
"3784",4.47
"3785",4.5
"3786",4.45
"3787",4.43
"3788",4.46
"3789",4.45
"3790",4.43
"3791",4.41
"3792",4.38
"3793",4.37
"3794",4.35
"3795",4.39
"3796",4.36
"3797",4.39
"3798",4.36
"3799",4.32
"3800",4.3
"3801",4.35
"3802",4.34
"3803",4.32
"3804",4.31
"3805",4.31
"3806",4.33
"3807",4.27
"3808",4.28
"3809",4.28
"3810",4.29
"3811",4.24
"3812",4.3
"3813",4.28
"3814",4.29
"3815",4.29
"3816",4.26
"3817",4.3
"3818",4.28
"3819",4.3
"3820",4.37
"3821",4.28
"3822",4.26
"3823",4.29
"3824",4.3
"3825",4.31
"3826",4.31
"3827",4.26
"3828",4.25
"3829",4.32
"3830",4.4
"3831",4.43
"3832",4.47
"3833",4.49
"3834",4.48
"3835",4.43
"3836",4.4
"3837",4.44
"3838",4.33
"3839",4.27
"3840",4.27
"3841",4.26
"3842",4.29
"3843",4.27
"3844",4.27
"3845",4.27
"3846",4.29
"3847",4.34
"3848",4.3
"3849",4.32
"3850",4.27
"3851",4.3
"3852",4.26
"3853",4.15
"3854",4.17
"3855",4.13
"3856",4.05
"3857",4.05
"3858",3.99
"3859",4.09
"3860",4.1
"3861",4.04
"3862",4.06
"3863",4.24
"3864",4.17
"3865",4.19
"3866",4.14
"3867",4.11
"3868",4.11
"3869",4.13
"3870",4.15
"3871",4.23
"3872",4.35
"3873",4.32
"3874",4.31
"3875",4.37
"3876",4.29
"3877",4.32
"3878",4.26
"3879",4.17
"3880",4.17
"3881",4.2
"3882",4.24
"3883",4.21
"3884",4.19
"3885",4.25
"3886",4.31
"3887",4.32
"3888",4.37
"3889",4.36
"3890",4.29
"3891",4.3
"3892",4.28
"3893",4.32
"3894",4.44
"3895",4.52
"3896",4.59
"3897",4.58
"3898",4.56
"3899",4.6
"3900",4.54
"3901",4.64
"3902",4.72
"3903",4.74
"3904",4.77
"3905",4.77
"3906",4.79
"3907",4.77
"3908",4.7
"3909",4.68
"3910",4.62
"3911",4.6
"3912",4.55
"3913",4.56
"3914",4.54
"3915",4.53
"3916",4.43
"3917",4.48
"3918",4.5
"3919",4.41
"3920",4.38
"3921",4.33
"3922",4.32
"3923",4.36
"3924",4.33
"3925",4.31
"3926",4.36
"3927",4.35
"3928",4.42
"3929",4.42
"3930",4.41
"3931",4.45
"3932",4.45
"3933",4.45
"3934",4.49
"3935",4.51
"3936",4.53
"3937",4.51
"3938",4.51
"3939",4.58
"3940",4.57
"3941",4.6
"3942",4.67
"3943",4.69
"3944",4.6
"3945",4.57
"3946",4.6
"3947",4.54
"3948",4.53
"3949",4.59
"3950",4.57
"3951",4.54
"3952",4.51
"3953",4.52
"3954",4.48
"3955",4.46
"3956",4.53
"3957",4.56
"3958",4.55
"3959",4.61
"3960",NA
"3961",4.59
"3962",4.51
"3963",4.49
"3964",4.47
"3965",4.55
"3966",NA
"3967",4.58
"3968",4.59
"3969",4.57
"3970",4.54
"3971",4.52
"3972",4.51
"3973",4.48
"3974",4.48
"3975",4.43
"3976",4.41
"3977",4.4
"3978",4.42
"3979",4.44
"3980",4.45
"3981",4.45
"3982",4.43
"3983",4.37
"3984",4.28
"3985",4.24
"3986",4.21
"3987",4.2
"3988",4.21
"3989",4.18
"3990",4.23
"3991",4.18
"3992",4.2
"3993",4.19
"3994",4.2
"3995",4.15
"3996",4.17
"3997",4.12
"3998",4.12
"3999",4.17
"4000",4.17
"4001",4.16
"4002",4.17
"4003",4.13
"4004",4.11
"4005",4.09
"4006",4.05
"4007",4.03
"4008",4.04
"4009",4.06
"4010",4
"4011",4.02
"4012",4.01
"4013",4.03
"4014",4.05
"4015",4.06
"4016",4.04
"4017",4.09
"4018",4.17
"4019",4.16
"4020",4.15
"4021",4.19
"4022",4.19
"4023",4.13
"4024",4.12
"4025",4.1
"4026",4.1
"4027",4.06
"4028",4.06
"4029",4.04
"4030",4.08
"4031",4.12
"4032",4.11
"4033",4.17
"4034",4.15
"4035",4.12
"4036",NA
"4037",4.04
"4038",4.03
"4039",4.07
"4040",4.07
"4041",4.04
"4042",4.02
"4043",4.03
"4044",4.02
"4045",4.01
"4046",4.02
"4047",4
"4048",4.02
"4049",4.02
"4050",4.01
"4051",3.99
"4052",4
"4053",4.02
"4054",3.98
"4055",3.97
"4056",3.94
"4057",3.95
"4058",3.93
"4059",3.95
"4060",3.96
"4061",3.94
"4062",3.93
"4063",3.95
"4064",3.98
"4065",4
"4066",4.05
"4067",4.08
"4068",4.11
"4069",4.08
"4070",4.11
"4071",4.1
"4072",4.09
"4073",4.09
"4074",4.05
"4075",4.05
"4076",4.02
"4077",4.07
"4078",4.08
"4079",4.12
"4080",4.09
"4081",4.08
"4082",4.05
"4083",4.11
"4084",4.06
"4085",4.06
"4086",4.03
"4087",4.02
"4088",4.02
"4089",4.02
"4090",3.99
"4091",4.02
"4092",3.98
"4093",4
"4094",4
"4095",3.97
"4096",3.99
"4097",4.03
"4098",3.95
"4099",3.97
"4100",3.97
"4101",3.94
"4102",3.91
"4103",3.88
"4104",3.86
"4105",3.85
"4106",3.84
"4107",3.83
"4108",3.78
"4109",3.78
"4110",3.74
"4111",3.74
"4112",3.71
"4113",3.71
"4114",3.7
"4115",3.7
"4116",3.71
"4117",3.75
"4118",3.69
"4119",3.69
"4120",3.72
"4121",3.68
"4122",3.73
"4123",3.7
"4124",3.73
"4125",3.74
"4126",3.74
"4127",3.71
"4128",3.72
"4129",3.75
"4130",3.8
"4131",3.82
"4132",3.8
"4133",3.79
"4134",3.78
"4135",3.71
"4136",3.68
"4137",3.69
"4138",3.67
"4139",3.66
"4140",3.67
"4141",3.65
"4142",3.62
"4143",3.62
"4144",3.63
"4145",3.64
"4146",3.67
"4147",3.64
"4148",3.64
"4149",3.64
"4150",3.65
"4151",3.63
"4152",3.63
"4153",3.6
"4154",3.58
"4155",3.55
"4156",3.55
"4157",3.53
"4158",3.51
"4159",3.5
"4160",3.48
"4161",3.49
"4162",3.47
"4163",3.48
"4164",3.47
"4165",3.45
"4166",3.44
"4167",3.45
"4168",3.47
"4169",3.47
"4170",3.45
"4171",3.42
"4172",3.4
"4173",3.37
"4174",3.34
"4175",3.35
"4176",3.37
"4177",3.36
"4178",3.33
"4179",3.35
"4180",3.35
"4181",3.35
"4182",3.38
"4183",3.34
"4184",3.32
"4185",NA
"4186",3.32
"4187",3.34
"4188",3.35
"4189",3.32
"4190",3.36
"4191",3.32
"4192",3.3
"4193",3.32
"4194",3.31
"4195",3.32
"4196",3.33
"4197",3.34
"4198",3.35
"4199",3.36
"4200",3.39
"4201",3.41
"4202",3.4
"4203",3.41
"4204",3.38
"4205",3.37
"4206",3.35
"4207",3.35
"4208",3.34
"4209",3.35
"4210",3.34
"4211",3.33
"4212",3.32
"4213",3.34
"4214",3.33
"4215",3.34
"4216",3.37
"4217",3.38
"4218",3.37
"4219",3.38
"4220",3.42
"4221",3.39
"4222",3.38
"4223",3.35
"4224",3.36
"4225",NA
"4226",3.36
"4227",3.32
"4228",3.32
"4229",3.33
"4230",NA
"4231",3.36
"4232",3.37
"4233",3.36
"4234",3.34
"4235",3.32
"4236",3.3
"4237",3.32
"4238",3.31
"4239",3.3
"4240",3.28
"4241",3.28
"4242",3.31
"4243",3.29
"4244",3.29
"4245",3.28
"4246",3.28
"4247",3.28
"4248",3.34
"4249",3.36
"4250",3.37
"4251",3.38
"4252",3.42
"4253",3.43
"4254",3.42
"4255",3.44
"4256",3.42
"4257",3.41
"4258",3.41
"4259",3.41
"4260",3.43
"4261",3.45
"4262",3.41
"4263",3.42
"4264",3.42
"4265",3.43
"4266",3.43
"4267",3.41
"4268",3.39
"4269",3.34
"4270",3.35
"4271",3.36
"4272",3.36
"4273",3.34
"4274",3.36
"4275",3.36
"4276",3.38
"4277",3.41
"4278",3.44
"4279",3.44
"4280",3.41
"4281",3.41
"4282",3.41
"4283",3.38
"4284",3.37
"4285",3.34
"4286",3.36
"4287",3.36
"4288",3.36
"4289",3.35
"4290",3.35
"4291",3.33
"4292",3.34
"4293",NA
"4294",3.37
"4295",3.36
"4296",3.37
"4297",3.34
"4298",3.29
"4299",3.25
"4300",3.26
"4301",3.26
"4302",3.29
"4303",3.27
"4304",3.23
"4305",3.22
"4306",3.23
"4307",3.23
"4308",3.23
"4309",3.24
"4310",3.23
"4311",3.22
"4312",3.21
"4313",3.21
"4314",3.18
"4315",3.18
"4316",3.21
"4317",3.18
"4318",3.16
"4319",3.22
"4320",3.23
"4321",3.23
"4322",3.21
"4323",3.22
"4324",3.27
"4325",3.3
"4326",3.3
"4327",3.3
"4328",3.24
"4329",3.29
"4330",3.3
"4331",3.29
"4332",3.34
"4333",3.34
"4334",3.34
"4335",3.34
"4336",3.42
"4337",3.45
"4338",3.46
"4339",3.54
"4340",3.55
"4341",3.57
"4342",3.59
"4343",3.6
"4344",3.65
"4345",3.7
"4346",3.74
"4347",3.76
"4348",3.73
"4349",3.65
"4350",3.67
"4351",3.69
"4352",3.79
"4353",3.97
"4354",4.05
"4355",4.16
"4356",4.17
"4357",4.12
"4358",4.05
"4359",4.04
"4360",4.06
"4361",4.06
"4362",4.04
"4363",4.07
"4364",4.07
"4365",4.22
"4366",4.16
"4367",4.13
"4368",4.15
"4369",4.06
"4370",4.07
"4371",4.01
"4372",3.98
"4373",3.94
"4374",3.93
"4375",3.89
"4376",3.87
"4377",3.88
"4378",3.94
"4379",3.95
"4380",3.92
"4381",3.94
"4382",3.94
"4383",3.97
"4384",4.04
"4385",3.96
"4386",3.98
"4387",3.99
"4388",3.97
"4389",3.96
"4390",3.95
"4391",3.97
"4392",4.04
"4393",4.04
"4394",4.08
"4395",4.13
"4396",4.18
"4397",4.14
"4398",4.19
"4399",4.23
"4400",4.17
"4401",4.15
"4402",4.1
"4403",4.15
"4404",4.12
"4405",NA
"4406",4.13
"4407",4.2
"4408",4.24
"4409",4.32
"4410",4.28
"4411",4.23
"4412",4.27
"4413",4.24
"4414",4.22
"4415",4.22
"4416",4.17
"4417",4.15
"4418",4.05
"4419",4.03
"4420",4.02
"4421",4.01
"4422",3.97
"4423",3.94
"4424",3.96
"4425",3.96
"4426",4.03
"4427",4.04
"4428",4.02
"4429",4
"4430",4.02
"4431",4.01
"4432",4.02
"4433",4.02
"4434",4.02
"4435",4
"4436",3.99
"4437",4
"4438",3.96
"4439",3.89
"4440",3.87
"4441",3.88
"4442",3.81
"4443",3.79
"4444",3.81
"4445",3.8
"4446",3.8
"4447",3.79
"4448",3.79
"4449",3.82
"4450",3.87
"4451",3.86
"4452",3.9
"4453",3.89
"4454",3.86
"4455",3.96
"4456",3.95
"4457",3.99
"4458",3.96
"4459",3.91
"4460",3.9
"4461",3.86
"4462",3.88
"4463",3.92
"4464",3.91
"4465",3.89
"4466",3.87
"4467",3.84
"4468",3.86
"4469",3.86
"4470",3.86
"4471",3.88
"4472",3.89
"4473",3.87
"4474",3.92
"4475",3.93
"4476",3.94
"4477",3.92
"4478",3.86
"4479",3.89
"4480",3.91
"4481",3.9
"4482",3.89
"4483",3.86
"4484",3.87
"4485",3.89
"4486",3.87
"4487",3.89
"4488",3.93
"4489",NA
"4490",3.93
"4491",3.93
"4492",3.9
"4493",3.94
"4494",NA
"4495",3.92
"4496",3.92
"4497",3.89
"4498",3.86
"4499",3.91
"4500",3.89
"4501",3.82
"4502",3.79
"4503",3.81
"4504",3.82
"4505",3.79
"4506",3.78
"4507",3.77
"4508",3.77
"4509",3.8
"4510",3.75
"4511",3.76
"4512",3.78
"4513",3.76
"4514",3.72
"4515",3.74
"4516",3.76
"4517",3.72
"4518",3.74
"4519",3.76
"4520",3.77
"4521",3.73
"4522",3.73
"4523",3.75
"4524",3.77
"4525",3.72
"4526",3.71
"4527",3.71
"4528",3.68
"4529",3.7
"4530",3.71
"4531",3.7
"4532",3.7
"4533",3.66
"4534",3.64
"4535",3.62
"4536",3.64
"4537",3.62
"4538",3.67
"4539",3.67
"4540",3.69
"4541",3.74
"4542",3.74
"4543",3.73
"4544",3.72
"4545",3.68
"4546",3.68
"4547",3.7
"4548",3.68
"4549",3.74
"4550",3.75
"4551",3.73
"4552",3.73
"4553",3.72
"4554",3.68
"4555",3.65
"4556",3.67
"4557",3.71
"4558",3.71
"4559",3.74
"4560",3.73
"4561",3.67
"4562",3.64
"4563",3.63
"4564",3.62
"4565",3.57
"4566",3.56
"4567",3.58
"4568",3.58
"4569",3.59
"4570",3.63
"4571",NA
"4572",3.63
"4573",3.63
"4574",3.6
"4575",3.6
"4576",3.59
"4577",3.6
"4578",3.6
"4579",3.6
"4580",3.56
"4581",3.56
"4582",3.56
"4583",3.55
"4584",3.53
"4585",3.51
"4586",3.52
"4587",3.55
"4588",3.51
"4589",3.45
"4590",3.43
"4591",3.44
"4592",3.44
"4593",3.42
"4594",3.44
"4595",3.46
"4596",3.44
"4597",3.43
"4598",3.42
"4599",3.36
"4600",3.36
"4601",3.37
"4602",3.4
"4603",3.46
"4604",3.49
"4605",3.5
"4606",3.48
"4607",3.48
"4608",3.48
"4609",3.49
"4610",3.5
"4611",3.46
"4612",3.49
"4613",3.48
"4614",3.52
"4615",3.49
"4616",3.48
"4617",3.48
"4618",3.47
"4619",3.44
"4620",3.42
"4621",3.4
"4622",3.4
"4623",3.42
"4624",3.46
"4625",3.5
"4626",3.52
"4627",3.52
"4628",3.5
"4629",3.46
"4630",3.45
"4631",3.44
"4632",3.43
"4633",3.44
"4634",3.45
"4635",3.45
"4636",3.42
"4637",3.44
"4638",3.44
"4639",3.43
"4640",3.42
"4641",3.45
"4642",3.43
"4643",3.45
"4644",3.43
"4645",3.5
"4646",3.53
"4647",3.5
"4648",3.49
"4649",3.49
"4650",3.5
"4651",3.47
"4652",3.48
"4653",3.48
"4654",3.48
"4655",3.45
"4656",3.43
"4657",3.39
"4658",3.42
"4659",3.43
"4660",3.45
"4661",3.43
"4662",3.43
"4663",3.42
"4664",3.42
"4665",3.39
"4666",3.38
"4667",3.38
"4668",3.4
"4669",3.4
"4670",3.45
"4671",3.44
"4672",3.47
"4673",3.47
"4674",3.47
"4675",3.51
"4676",3.54
"4677",3.54
"4678",3.6
"4679",3.58
"4680",3.58
"4681",3.59
"4682",3.61
"4683",3.58
"4684",3.56
"4685",3.54
"4686",3.57
"4687",3.54
"4688",3.58
"4689",3.58
"4690",3.63
"4691",3.57
"4692",3.59
"4693",3.6
"4694",3.57
"4695",3.52
"4696",3.5
"4697",3.5
"4698",3.5
"4699",3.5
"4700",3.43
"4701",3.37
"4702",3.43
"4703",3.45
"4704",3.43
"4705",3.44
"4706",3.46
"4707",3.5
"4708",3.5
"4709",3.48
"4710",3.5
"4711",3.53
"4712",3.52
"4713",3.58
"4714",3.59
"4715",3.6
"4716",3.61
"4717",3.64
"4718",3.61
"4719",3.64
"4720",3.64
"4721",3.64
"4722",3.64
"4723",3.64
"4724",3.67
"4725",3.67
"4726",3.69
"4727",3.68
"4728",3.65
"4729",3.64
"4730",3.61
"4731",3.59
"4732",3.58
"4733",3.56
"4734",3.6
"4735",3.63
"4736",3.69
"4737",3.71
"4738",3.69
"4739",3.76
"4740",3.74
"4741",3.75
"4742",3.74
"4743",3.76
"4744",3.74
"4745",3.8
"4746",3.83
"4747",3.87
"4748",3.86
"4749",3.83
"4750",3.81
"4751",3.87
"4752",3.87
"4753",NA
"4754",3.86
"4755",3.83
"4756",3.81
"4757",3.81
"4758",NA
"4759",3.78
"4760",3.76
"4761",3.73
"4762",3.71
"4763",3.73
"4764",3.7
"4765",3.66
"4766",3.66
"4767",3.63
"4768",3.58
"4769",NA
"4770",3.63
"4771",3.61
"4772",3.65
"4773",3.66
"4774",3.6
"4775",3.61
"4776",3.6
"4777",3.54
"4778",3.57
"4779",3.53
"4780",3.55
"4781",3.55
"4782",3.6
"4783",3.6
"4784",3.6
"4785",3.69
"4786",3.68
"4787",3.71
"4788",3.71
"4789",3.68
"4790",3.7
"4791",3.69
"4792",3.76
"4793",3.68
"4794",3.71
"4795",3.71
"4796",3.66
"4797",3.6
"4798",3.6
"4799",3.62
"4800",3.61
"4801",3.52
"4802",3.58
"4803",3.6
"4804",3.6
"4805",3.58
"4806",3.67
"4807",3.64
"4808",3.61
"4809",3.61
"4810",3.6
"4811",3.62
"4812",3.62
"4813",3.61
"4814",3.54
"4815",3.55
"4816",3.51
"4817",3.49
"4818",3.46
"4819",3.49
"4820",3.55
"4821",3.5
"4822",3.51
"4823",3.47
"4824",3.42
"4825",3.43
"4826",NA
"4827",3.42
"4828",3.4
"4829",3.39
"4830",3.44
"4831",3.43
"4832",3.42
"4833",3.38
"4834",3.38
"4835",3.36
"4836",3.35
"4837",3.39
"4838",3.39
"4839",3.43
"4840",3.42
"4841",3.39
"4842",3.39
"4843",3.43
"4844",3.48
"4845",3.53
"4846",3.58
"4847",3.59
"4848",3.62
"4849",3.66
"4850",3.64
"4851",3.6
"4852",3.68
"4853",3.68
"4854",3.68
"4855",3.64
"4856",3.58
"4857",3.63
"4858",3.66
"4859",3.66
"4860",3.62
"4861",3.66
"4862",NA
"4863",3.61
"4864",3.61
"4865",3.6
"4866",3.59
"4867",3.62
"4868",3.7
"4869",3.75
"4870",3.82
"4871",3.78
"4872",3.86
"4873",3.84
"4874",3.88
"4875",3.93
"4876",3.87
"4877",3.87
"4878",3.86
"4879",3.84
"4880",3.83
"4881",3.85
"4882",3.8
"4883",3.86
"4884",3.9
"4885",3.87
"4886",3.89
"4887",3.94
"4888",3.86
"4889",3.88
"4890",3.94
"4891",3.9
"4892",3.9
"4893",3.83
"4894",3.81
"4895",3.8
"4896",3.87
"4897",3.95
"4898",3.96
"4899",3.93
"4900",3.9
"4901",3.91
"4902",3.91
"4903",3.94
"4904",3.92
"4905",3.92
"4906",3.9
"4907",3.92
"4908",3.9
"4909",3.92
"4910",3.94
"4911",3.93
"4912",3.91
"4913",3.88
"4914",3.94
"4915",3.99
"4916",3.98
"4917",3.95
"4918",4
"4919",3.94
"4920",3.95
"4921",4.01
"4922",4.01
"4923",3.98
"4924",4.02
"4925",3.98
"4926",3.97
"4927",3.96
"4928",3.97
"4929",4.07
"4930",4.1
"4931",4.07
"4932",4.08
"4933",4.1
"4934",4.08
"4935",4.1
"4936",4.07
"4937",4.04
"4938",4.04
"4939",4.08
"4940",4.06
"4941",4.08
"4942",4.06
"4943",4.05
"4944",4.13
"4945",4.14
"4946",4.06
"4947",3.99
"4948",4.05
"4949",4
"4950",4.02
"4951",4.04
"4952",4.08
"4953",4.08
"4954",4.09
"4955",4.12
"4956",4.12
"4957",4.08
"4958",4.11
"4959",4.07
"4960",4.06
"4961",4.09
"4962",4.07
"4963",4.07
"4964",4.04
"4965",3.98
"4966",4.01
"4967",4
"4968",4
"4969",4.03
"4970",3.99
"4971",3.97
"4972",4
"4973",3.97
"4974",3.96
"4975",4.02
"4976",4.07
"4977",4.06
"4978",4.07
"4979",4.09
"4980",4.1
"4981",4.11
"4982",4.12
"4983",4.19
"4984",4.2
"4985",4.18
"4986",4.18
"4987",4.2
"4988",4.18
"4989",4.17
"4990",4.16
"4991",4.18
"4992",4.16
"4993",4.17
"4994",4.17
"4995",4.17
"4996",4.18
"4997",4.18
"4998",4.17
"4999",4.17
"5000",4.12
"5001",4.15
"5002",4.27
"5003",4.23
"5004",4.21
"5005",4.25
"5006",4.23
"5007",4.27
"5008",4.23
"5009",4.33
"5010",4.37
"5011",4.39
"5012",4.36
"5013",4.35
"5014",4.36
"5015",4.39
"5016",4.4
"5017",4.39
"5018",NA
"5019",4.38
"5020",4.44
"5021",4.43
"5022",4.42
"5023",NA
"5024",4.4
"5025",4.4
"5026",4.35
"5027",4.35
"5028",4.34
"5029",4.36
"5030",4.35
"5031",4.33
"5032",4.39
"5033",4.39
"5034",4.39
"5035",4.41
"5036",4.46
"5037",4.48
"5038",4.49
"5039",4.48
"5040",4.47
"5041",4.48
"5042",4.48
"5043",4.44
"5044",4.44
"5045",4.48
"5046",4.43
"5047",4.46
"5048",4.45
"5049",4.44
"5050",4.4
"5051",4.44
"5052",4.44
"5053",4.45
"5054",4.53
"5055",4.52
"5056",4.53
"5057",4.54
"5058",4.47
"5059",4.48
"5060",4.47
"5061",4.45
"5062",4.45
"5063",4.41
"5064",4.45
"5065",4.35
"5066",4.39
"5067",4.37
"5068",4.33
"5069",4.34
"5070",4.32
"5071",4.26
"5072",4.28
"5073",4.28
"5074",4.28
"5075",4.22
"5076",4.2
"5077",4.16
"5078",4.1
"5079",4.04
"5080",4.06
"5081",4.05
"5082",3.99
"5083",4.01
"5084",NA
"5085",4
"5086",3.94
"5087",3.93
"5088",3.86
"5089",3.87
"5090",3.84
"5091",3.81
"5092",3.82
"5093",3.77
"5094",3.79
"5095",3.78
"5096",3.81
"5097",3.78
"5098",3.77
"5099",3.74
"5100",3.75
"5101",3.73
"5102",3.76
"5103",3.74
"5104",3.74
"5105",3.74
"5106",3.75
"5107",3.7
"5108",3.66
"5109",3.64
"5110",3.66
"5111",3.69
"5112",3.65
"5113",3.65
"5114",3.62
"5115",3.65
"5116",3.64
"5117",3.64
"5118",3.63
"5119",3.66
"5120",3.63
"5121",3.66
"5122",3.67
"5123",3.76
"5124",3.74
"5125",3.75
"5126",3.75
"5127",3.75
"5128",3.76
"5129",3.7
"5130",3.71
"5131",3.7
"5132",3.7
"5133",3.72
"5134",3.69
"5135",3.6
"5136",3.61
"5137",3.59
"5138",3.57
"5139",3.55
"5140",3.53
"5141",3.52
"5142",3.54
"5143",3.52
"5144",3.51
"5145",3.54
"5146",3.56
"5147",3.57
"5148",3.55
"5149",3.57
"5150",3.5
"5151",3.43
"5152",3.43
"5153",3.42
"5154",3.44
"5155",3.41
"5156",3.41
"5157",3.33
"5158",3.34
"5159",3.33
"5160",3.3
"5161",3.32
"5162",3.35
"5163",3.31
"5164",3.33
"5165",3.37
"5166",3.35
"5167",3.33
"5168",3.34
"5169",3.32
"5170",3.32
"5171",3.33
"5172",3.33
"5173",3.3
"5174",3.3
"5175",3.26
"5176",3.27
"5177",3.29
"5178",3.33
"5179",3.34
"5180",3.29
"5181",3.35
"5182",3.34
"5183",3.3
"5184",3.26
"5185",3.31
"5186",3.26
"5187",3.27
"5188",3.28
"5189",3.27
"5190",3.23
"5191",3.26
"5192",3.23
"5193",3.23
"5194",3.23
"5195",3.25
"5196",3.29
"5197",3.24
"5198",3.24
"5199",3.26
"5200",3.26
"5201",3.28
"5202",3.27
"5203",3.22
"5204",3.22
"5205",3.28
"5206",3.33
"5207",3.34
"5208",3.39
"5209",3.35
"5210",3.35
"5211",3.36
"5212",3.35
"5213",3.34
"5214",3.34
"5215",3.29
"5216",3.28
"5217",3.26
"5218",3.25
"5219",3.26
"5220",3.24
"5221",3.3
"5222",3.31
"5223",3.35
"5224",3.36
"5225",3.37
"5226",3.36
"5227",3.35
"5228",3.37
"5229",3.37
"5230",3.34
"5231",3.37
"5232",3.34
"5233",3.32
"5234",3.31
"5235",3.3
"5236",3.3
"5237",3.32
"5238",3.32
"5239",3.35
"5240",3.39
"5241",3.39
"5242",3.41
"5243",3.41
"5244",3.41
"5245",3.42
"5246",3.41
"5247",3.42
"5248",3.45
"5249",3.59
"5250",3.63
"5251",3.63
"5252",3.73
"5253",3.73
"5254",3.72
"5255",3.76
"5256",3.82
"5257",3.83
"5258",3.82
"5259",3.85
"5260",3.85
"5261",3.86
"5262",3.81
"5263",3.8
"5264",3.85
"5265",3.89
"5266",3.85
"5267",3.84
"5268",3.84
"5269",3.79
"5270",3.81
"5271",3.86
"5272",3.86
"5273",3.86
"5274",3.89
"5275",3.93
"5276",3.94
"5277",3.89
"5278",3.9
"5279",3.88
"5280",3.88
"5281",3.87
"5282",NA
"5283",3.89
"5284",3.84
"5285",3.81
"5286",3.78
"5287",3.8
"5288",NA
"5289",3.8
"5290",3.8
"5291",3.73
"5292",3.77
"5293",3.74
"5294",3.74
"5295",3.73
"5296",3.72
"5297",3.73
"5298",3.73
"5299",3.68
"5300",3.73
"5301",3.78
"5302",3.77
"5303",3.71
"5304",3.76
"5305",3.8
"5306",3.77
"5307",3.75
"5308",3.75
"5309",3.76
"5310",3.78
"5311",3.77
"5312",3.77
"5313",3.71
"5314",3.7
"5315",3.68
"5316",3.71
"5317",3.72
"5318",3.73
"5319",3.75
"5320",3.76
"5321",3.71
"5322",3.69
"5323",3.69
"5324",3.69
"5325",3.68
"5326",3.65
"5327",3.59
"5328",3.63
"5329",3.66
"5330",3.74
"5331",3.75
"5332",3.74
"5333",3.74
"5334",3.77
"5335",3.82
"5336",3.87
"5337",3.86
"5338",3.88
"5339",3.88
"5340",3.8
"5341",3.8
"5342",3.79
"5343",3.76
"5344",3.73
"5345",3.71
"5346",3.72
"5347",3.7
"5348",3.69
"5349",3.71
"5350",3.69
"5351",3.71
"5352",3.73
"5353",3.69
"5354",3.7
"5355",3.7
"5356",3.69
"5357",3.71
"5358",3.7
"5359",3.65
"5360",3.65
"5361",3.6
"5362",NA
"5363",3.61
"5364",3.56
"5365",3.57
"5366",3.6
"5367",3.59
"5368",3.62
"5369",3.65
"5370",3.64
"5371",3.62
"5372",3.61
"5373",3.63
"5374",3.66
"5375",3.62
"5376",3.63
"5377",3.67
"5378",3.66
"5379",3.67
"5380",3.69
"5381",3.69
"5382",3.67
"5383",3.61
"5384",3.6
"5385",3.59
"5386",3.51
"5387",3.53
"5388",3.54
"5389",3.54
"5390",3.56
"5391",3.55
"5392",3.54
"5393",3.53
"5394",3.53
"5395",3.5
"5396",3.53
"5397",3.54
"5398",3.5
"5399",3.51
"5400",3.48
"5401",3.51
"5402",3.52
"5403",3.52
"5404",3.53
"5405",3.53
"5406",3.46
"5407",3.49
"5408",3.48
"5409",3.5
"5410",3.47
"5411",3.48
"5412",3.48
"5413",3.47
"5414",3.46
"5415",3.5
"5416",3.5
"5417",3.53
"5418",3.57
"5419",3.6
"5420",3.6
"5421",3.59
"5422",3.61
"5423",3.62
"5424",3.59
"5425",3.58
"5426",3.54
"5427",3.56
"5428",3.53
"5429",3.51
"5430",3.47
"5431",3.47
"5432",3.46
"5433",3.43
"5434",3.45
"5435",3.5
"5436",3.45
"5437",3.47
"5438",3.45
"5439",3.48
"5440",3.45
"5441",3.46
"5442",3.44
"5443",3.47
"5444",3.47
"5445",3.49
"5446",3.48
"5447",3.48
"5448",3.48
"5449",3.49
"5450",3.52
"5451",3.48
"5452",3.47
"5453",3.47
"5454",3.46
"5455",3.48
"5456",3.45
"5457",3.47
"5458",3.45
"5459",3.44
"5460",3.43
"5461",3.44
"5462",3.44
"5463",3.46
"5464",3.46
"5465",3.39
"5466",3.43
"5467",3.39
"5468",3.4
"5469",3.45
"5470",3.47
"5471",3.48
"5472",3.47
"5473",3.47
"5474",3.48
"5475",3.48
"5476",3.5
"5477",3.5
"5478",3.49
"5479",3.46
"5480",3.46
"5481",3.51
"5482",3.49
"5483",3.49
"5484",3.51
"5485",3.51
"5486",3.49
"5487",3.49
"5488",3.5
"5489",3.51
"5490",3.51
"5491",3.49
"5492",3.49
"5493",3.48
"5494",3.45
"5495",3.47
"5496",3.47
"5497",3.49
"5498",3.48
"5499",3.52
"5500",3.5
"5501",3.51
"5502",3.54
"5503",3.55
"5504",3.53
"5505",3.49
"5506",3.51
"5507",3.52
"5508",3.51
"5509",3.51
"5510",3.5
"5511",3.5
"5512",3.52
"5513",3.54
"5514",3.6
"5515",3.61
"5516",3.6
"5517",3.59
"5518",3.6
"5519",3.59
"5520",3.61
"5521",3.6
"5522",3.56
"5523",3.56
"5524",3.57
"5525",3.55
"5526",3.56
"5527",3.59
"5528",3.62
"5529",3.58
"5530",3.6
"5531",3.58
"5532",3.56
"5533",3.59
"5534",3.59
"5535",3.6
"5536",3.6
"5537",3.56
"5538",3.55
"5539",3.56
"5540",3.58
"5541",3.63
"5542",3.65
"5543",3.64
"5544",3.64
"5545",NA
"5546",3.63
"5547",3.58
"5548",3.59
"5549",3.58
"5550",3.59
"5551",NA
"5552",3.63
"5553",3.62
"5554",3.63
"5555",3.64
"5556",3.63
"5557",3.66
"5558",3.66
"5559",3.64
"5560",3.65
"5561",3.65
"5562",3.64
"5563",3.67
"5564",3.69
"5565",3.71
"5566",3.73
"5567",3.7
"5568",3.72
"5569",3.69
"5570",3.71
"5571",3.73
"5572",3.74
"5573",3.76
"5574",3.8
"5575",3.84
"5576",3.8
"5577",3.81
"5578",3.86
"5579",3.88
"5580",3.9
"5581",3.92
"5582",3.95
"5583",4.01
"5584",3.98
"5585",3.97
"5586",3.97
"5587",3.99
"5588",4.03
"5589",4.01
"5590",3.99
"5591",3.98
"5592",4.02
"5593",4.02
"5594",4
"5595",4.05
"5596",4.06
"5597",4.05
"5598",4.07
"5599",4.06
"5600",4.09
"5601",4.08
"5602",4.08
"5603",4.05
"5604",4.08
"5605",4.1
"5606",4.1
"5607",4.14
"5608",4.16
"5609",4.12
"5610",4.13
"5611",4.15
"5612",4.1
"5613",4.1
"5614",4.07
"5615",NA
"5616",4.1
"5617",4.09
"5618",4.13
"5619",4.13
"5620",4.15
"5621",4.1
"5622",4.1
"5623",4.11
"5624",4.11
"5625",4.13
"5626",4.13
"5627",4.12
"5628",4.11
"5629",4.16
"5630",4.2
"5631",4.23
"5632",4.25
"5633",4.26
"5634",4.3
"5635",4.28
"5636",4.26
"5637",4.27
"5638",4.31
"5639",4.31
"5640",4.31
"5641",4.32
"5642",4.32
"5643",4.34
"5644",4.37
"5645",4.34
"5646",4.33
"5647",4.33
"5648",4.4
"5649",4.41
"5650",4.42
"5651",4.39
"5652",4.4
"5653",4.39
"5654",4.35
"5655",4.32
"5656",4.29
"5657",4.29
"5658",4.17
"5659",4.25
"5660",4.27
"5661",4.33
"5662",4.36
"5663",4.34
"5664",4.39
"5665",4.37
"5666",4.37
"5667",4.4
"5668",4.4
"5669",4.42
"5670",4.39
"5671",4.37
"5672",4.38
"5673",4.38
"5674",4.41
"5675",4.41
"5676",4.41
"5677",4.4
"5678",4.41
"5679",4.37
"5680",4.39
"5681",4.39
"5682",4.41
"5683",4.43
"5684",4.4
"5685",4.4
"5686",4.4
"5687",4.37
"5688",4.38
"5689",4.38
"5690",4.36
"5691",4.36
"5692",4.33
"5693",4.34
"5694",4.34
"5695",4.35
"5696",4.32
"5697",4.35
"5698",4.4
"5699",4.37
"5700",4.35
"5701",4.37
"5702",4.35
"5703",4.35
"5704",4.36
"5705",4.39
"5706",4.37
"5707",4.34
"5708",4.33
"5709",4.35
"5710",4.36
"5711",4.34
"5712",4.3
"5713",4.33
"5714",4.34
"5715",4.31
"5716",4.32
"5717",4.31
"5718",4.27
"5719",4.29
"5720",4.28
"5721",4.28
"5722",4.29
"5723",4.31
"5724",4.33
"5725",4.33
"5726",4.32
"5727",4.33
"5728",4.33
"5729",4.38
"5730",4.38
"5731",4.35
"5732",4.41
"5733",4.4
"5734",4.43
"5735",4.41
"5736",4.4
"5737",4.41
"5738",4.41
"5739",4.44
"5740",4.47
"5741",4.44
"5742",4.43
"5743",4.44
"5744",4.45
"5745",4.42
"5746",4.41
"5747",4.4
"5748",4.43
"5749",4.45
"5750",4.43
"5751",4.5
"5752",4.54
"5753",4.57
"5754",4.57
"5755",4.56
"5756",4.57
"5757",4.53
"5758",4.54
"5759",4.55
"5760",4.55
"5761",4.57
"5762",4.58
"5763",4.61
"5764",4.61
"5765",4.61
"5766",4.57
"5767",4.6
"5768",4.57
"5769",4.58
"5770",4.62
"5771",4.68
"5772",4.67
"5773",4.72
"5774",4.71
"5775",4.71
"5776",4.7
"5777",4.71
"5778",4.69
"5779",4.69
"5780",4.69
"5781",4.69
"5782",4.73
"5783",4.71
"5784",4.71
"5785",4.75
"5786",4.76
"5787",4.76
"5788",4.75
"5789",4.77
"5790",4.78
"5791",4.78
"5792",4.79
"5793",4.83
"5794",4.8
"5795",4.77
"5796",4.77
"5797",4.78
"5798",4.75
"5799",4.77
"5800",4.78
"5801",4.78
"5802",4.76
"5803",4.73
"5804",4.7
"5805",4.68
"5806",4.65
"5807",4.7
"5808",4.72
"5809",4.69
"5810",NA
"5811",4.74
"5812",4.7
"5813",4.71
"5814",4.69
"5815",NA
"5816",4.67
"5817",4.6
"5818",4.68
"5819",4.69
"5820",4.7
"5821",4.67
"5822",4.67
"5823",4.64
"5824",4.64
"5825",4.64
"5826",4.63
"5827",4.63
"5828",4.63
"5829",4.63
"5830",4.58
"5831",4.57
"5832",4.53
"5833",4.54
"5834",4.53
"5835",4.5
"5836",4.47
"5837",4.4
"5838",4.42
"5839",4.43
"5840",4.39
"5841",4.38
"5842",4.36
"5843",4.35
"5844",4.37
"5845",4.38
"5846",4.4
"5847",4.36
"5848",4.36
"5849",4.36
"5850",4.34
"5851",4.34
"5852",4.37
"5853",4.34
"5854",4.34
"5855",4.31
"5856",4.34
"5857",4.37
"5858",4.39
"5859",4.36
"5860",4.36
"5861",4.34
"5862",4.29
"5863",4.29
"5864",4.3
"5865",4.26
"5866",4.26
"5867",4.26
"5868",4.22
"5869",4.22
"5870",4.22
"5871",4.16
"5872",4.15
"5873",4.07
"5874",4.03
"5875",4.02
"5876",3.99
"5877",4
"5878",4.02
"5879",4.05
"5880",4.1
"5881",4.09
"5882",4.1
"5883",4.09
